EXEC_TIME,MSIZE,BSIZE,CPUS_PER_NODE,NUM_NODES,NUM_CPUS,CPU_AVG,MEM_AVG,CPU_AVG_USED,MEM_AVG_USED,Linear Regression_ORIGINAL,Polynomial Regression_ORIGINAL,Random Forest_ORIGINAL,FFNN_ORIGINAL,XGBoost_ORIGINAL
221,19,256,112,2,112,68.74,15.85,76.99,17.75,557.5999148191872,545.9086835992426,208.876,109.82967987060547,248.16788
5107,14,1200,112,3,224,81.58,21.39,182.74,47.91,4375.838527526969,5607.874732915462,4945.79,5141.11328125,5093.5693
76,17,200,112,8,784,12.72,14.04,99.72,110.07,17.773155375971328,75.877551949404,108.04,128.90118865966798,80.06117
1192,22,512,112,4,336,65.49,16.01,220.05,53.79,2029.3269433655867,1428.0807058566202,1175.9165333333337,1316.8891357421876,1225.3629
2516,12,1000,112,16,1680,7.98,14.35,134.06,241.08,3088.0874855053007,2372.0535616177226,2579.406,2520.853857421875,2547.401
66,15,256,112,4,336,37.65,14.21,126.5,47.75,114.10460351427491,72.99283916970649,66.92,28.77838592529297,72.15643
29,18,128,112,4,336,19.63,14.4,65.96,48.38,-161.66449390918297,-41.523978567863196,34.698,61.41520385742187,16.119595
151,22,256,112,4,336,52.23,14.99,175.49,50.37,848.3960662089496,246.99279217868906,145.674,153.0231620788574,200.75073
110,17,256,112,12,1232,10.67,13.81,131.45,170.14,228.30140522378883,342.01468200737344,116.628,79.37343456745148,122.08089
1392,13,800,112,5,448,34.31,15.2,153.71,68.1,2401.8350618196723,1256.8098733266856,1373.488,1479.2662353515625,1361.4473
791,17,600,112,3,224,72.12,16.15,161.55,36.18,1922.728125345962,1383.0548968183032,824.836,919.52255859375,832.5936
4071,18,1000,112,8,784,35.33,15.86,276.99,124.34,3813.0809268754147,3786.0640160742714,3962.27,3835.53798828125,3952.6387
10482,48,800,112,12,1232,83.67,18.63,1030.81,229.52,5989.641711115202,11959.188730404694,10703.76,12552.110546875,10789.737
952,18,512,112,3,224,67.19,15.95,150.51,35.73,1621.6819167083218,1114.7352232827466,926.134,854.42109375,766.38556
715,14,512,112,2,112,81.77,15.25,91.58,17.08,1214.0368900510566,743.5311684298231,700.532,796.5085327148438,795.53546
2761,22,512,112,2,112,84.47,16.82,94.61,18.84,2053.227133130685,2344.620551039235,2387.0753333333337,2681.995947265625,2607.8728
1582,19,600,112,3,224,48.57,16.16,108.8,36.2,2132.525686115869,1815.4679045177345,1426.908,1580.9931884765624,1502.0515
6820,32,800,112,6,560,84.23,17.54,471.69,98.22,4382.9617942512405,7543.821824618475,6818.228,7606.602734375,6916.7095
1278,12,800,112,4,336,11.55,14.43,38.81,48.48,2308.8863763172676,1116.6814616352958,1305.9635,1194.7338623046876,1266.6309
38,14,200,112,3,224,41.64,14.61,93.27,32.73,-237.17271136614363,29.424393125190477,39.579,15.27714033126831,33.85827
3341,16,1000,112,4,336,42.67,16.85,143.37,56.62,3651.083745635704,3990.644539103185,3352.432,3407.8521484375,3367.7415
30,12,128,112,5,448,5.98,13.75,26.79,61.6,-803.0072711014534,-66.57538581991855,31.756,69.00443649291992,22.676798
3520,10,1200,112,8,784,12.23,15.19,95.88,119.09,3896.4929315744093,3114.3246926240863,3322.7233333333334,3597.86728515625,3486.5813
850,18,600,112,8,784,35.93,14.82,281.69,116.19,1967.87643131817,707.5718141878793,851.098,972.8498168945313,826.7142
46,14,200,112,5,448,24.96,12.97,111.82,58.11,-261.0729011312419,3.730592667369365,47.781,63.01615447998047,42.10761
140,22,256,112,12,1232,17.57,14.07,216.46,173.34,752.7953071485566,402.4525359945724,147.93166666666667,69.16917991638184,100.33779
757,16,600,112,8,784,28.47,14.59,223.2,114.39,1758.0788705482628,631.6287874178151,762.474,861.3860473632812,759.83875
140,32,200,112,6,560,52.4,15.23,293.44,85.29,1615.1550509153728,-130.89170186700198,278.146,131.39191589355468,120.02462
1681,22,512,112,3,224,69.43,16.51,155.52,36.98,2041.2770382481358,1838.8577422134606,1513.7284000000002,1597.96455078125,1514.4172
1005,19,512,112,3,224,73.39,16.04,164.39,35.93,1726.5806970932751,1277.8939115519402,1072.38,1075.2853881835938,1063.4777
1721,16,800,112,5,448,51.58,16.23,231.08,72.71,2716.531402974533,1903.6047733059709,1707.578,1721.9880615234374,1725.5068
556,12,600,112,8,784,16.06,14.17,125.91,111.09,1338.4837490084487,643.285739089479,558.29,557.5354125976562,582.78754
79,13,256,112,2,112,55.17,15.01,61.79,16.81,-71.79276749053383,138.55267248370308,78.108,83.25153007507325,71.286705
971,19,512,112,4,336,51.2,15.72,172.03,52.82,1714.630602210726,984.2869020114508,866.3766666666667,725.4246459960938,903.85266
2917,14,1000,112,5,448,23.72,15.39,106.27,68.95,3429.336089983248,2856.655071567686,2925.724,2817.63935546875,2890.0425
40,20,128,112,5,448,17.62,13.32,78.94,59.67,36.18297197817492,-75.924252345235,69.004,182.6116149902344,70.19838
73,18,200,112,8,784,16.72,14.0,131.08,109.76,122.67193576092495,55.74224768936199,99.572,116.89176483154297,74.59261
16,12,128,112,2,112,26.32,14.31,29.48,16.03,-767.1569864538062,-107.34910420243432,23.97,64.21991424560547,14.4642
8371,40,800,112,12,1232,60.04,17.7,739.69,218.06,5150.451468035574,7749.100993662168,8361.742,8754.684765625,9054.825
76,10,200,112,12,1232,3.41,13.34,42.01,164.35,-764.3186868488999,174.5559471812433,77.60668571428572,-15.820881462097168,62.91046
1513,14,800,112,8,784,22.27,14.71,174.6,115.33,2470.8835575569783,1314.2010877619118,1479.25,1564.4769287109375,1473.3113
203,14,400,112,5,448,34.1,13.5,152.77,60.48,661.5293466473804,224.83382428483173,203.342,270.10438842773436,192.88713
426,15,512,112,4,336,57.28,15.15,192.46,50.9,1295.035480670912,556.5792244020352,449.258,444.952490234375,505.13727
2511,12,1000,112,8,784,17.05,14.44,133.67,113.21,3183.688244565694,2162.8236155456907,2512.63,2479.9015625,2511.107
11,10,128,112,2,112,27.45,13.41,30.74,15.02,-976.954547223713,-197.94744349063808,16.782,67.1090235710144,-9.212045
355,13,512,112,3,224,64.24,15.18,143.9,34.0,1097.188014783554,482.8567436491435,373.482,403.9924255371094,405.19604
590,20,512,112,5,448,73.71,15.91,330.22,71.28,1807.5792877131305,864.4850910955658,621.156,604.1139526367188,690.6084
3108,15,1000,112,3,224,94.01,20.28,210.58,45.43,3558.1350601332997,3809.2628997281017,3142.512,3028.42060546875,3130.1472
258,18,400,112,3,224,76.66,15.37,171.72,34.43,1105.024657952293,657.4114619924145,272.258,345.1545837402344,279.59488
13232,32,1000,112,6,560,85.87,19.6,480.87,109.76,5305.564042029862,13054.94372076524,11816.564,13944.652734375,12872.714
141,10,400,112,6,560,14.82,13.5,82.99,75.6,229.98413022501722,349.18046794925067,141.65700000000004,227.14745025634767,168.61206
4641,13,1200,112,3,224,70.91,20.45,158.84,45.81,4270.939747142016,4849.974808218226,4486.484,4660.6826171875,4654.2197
2915,32,600,112,6,560,81.89,17.19,458.58,96.26,3460.3595464726177,3642.414210321951,3163.31,2869.402978515625,3105.2327
25,14,128,112,4,336,12.71,13.13,42.71,44.12,-581.2596154489972,-84.36272200384451,27.934,-26.077864551544188,22.71603
41,22,128,112,5,448,21.48,13.41,96.23,60.08,245.98053274808194,-85.0714757876309,79.386,257.9809768676758,237.55688
3336,16,1000,112,3,224,93.3,19.76,208.99,44.26,3663.0338405182533,4363.133379252447,3348.884,3319.664794921875,3356.61
1545,50,200,112,2,112,91.64,14.94,102.64,16.73,3551.133477374733,2995.6309528012644,1739.984,1712.5036865234374,1661.6589
7594,64,400,112,5,448,87.47,16.38,391.87,73.38,5906.468365895059,8603.623174617536,6381.316,7279.26298828125,7096.0146
2807,24,800,112,12,1232,39.31,15.4,484.3,189.73,3472.070981876317,2432.240223967671,3200.232,2767.1427734375,2656.2566
7095,47,512,112,4,336,,,,,4651.796452989425,8795.75927940535,6949.386133333333,8392.66171875,6665.447
6341,17,1200,112,8,784,34.08,17.17,267.19,134.61,4630.784394269084,6168.156235902896,6128.646,6363.7248046875,6334.251
85,14,256,112,2,112,64.81,12.84,72.59,14.38,33.106012894419564,194.88650818656185,82.934,89.83815078735351,84.66035
20,10,128,112,4,336,6.92,13.11,23.25,44.05,-1000.8547369888113,-125.67535641871495,21.957,-43.98714141845703,12.754728
277,48,200,112,12,1232,43.43,15.36,535.06,189.24,3221.834967779335,399.42284247390563,484.848,182.67926635742188,163.1839
70,17,128,112,12,1232,5.84,13.87,71.95,170.88,-362.1640333545297,418.3578339365716,82.019,126.81727838516235,62.92506
236,17,400,112,3,224,79.54,15.88,178.17,35.57,1000.1258775673394,563.9400092222473,255.092,277.1139862060547,274.86493
350,12,512,112,4,336,,,,,980.3391395160512,362.8524928933747,350.62078571428566,368.5414733886719,351.95624
642,14,600,112,4,336,29.72,15.08,99.86,50.67,1596.0816893085523,719.5917226663263,640.688,595.419677734375,647.235
4383,12,1200,112,16,1680,8.1,14.59,136.08,245.11,4010.6897332839235,4145.5531113152965,4263.154,4270.43671875,4424.159
1061,22,600,112,6,560,72.99,15.9,408.74,89.04,2411.3717426230824,1416.8647350303372,1169.243066666667,941.8389953613281,1084.4598
16,10,128,112,3,224,10.1,13.43,22.62,30.08,-988.9046421062619,-172.43049531371582,21.62,-54.39790802001953,11.047672
556,22,400,112,4,336,62.32,14.87,209.4,49.96,1512.669684609558,781.8494177357023,568.5649333333333,577.4973876953125,499.0241
2016,10,1000,112,8,784,12.01,14.98,94.16,117.44,2973.8906837957866,1833.943989612392,2000.6800666666663,2040.928515625,2028.2701
200,22,256,112,3,224,59.73,15.38,133.8,34.45,860.3461610914987,484.3125381295016,207.82,233.27916564941407,229.95488
41,22,128,112,3,224,37.17,14.45,83.26,32.37,269.8807225131802,149.0575041208525,108.446,36.95980606079102,80.95732
1843,17,800,112,5,448,57.88,16.45,259.3,73.7,2821.4301833594864,2161.0131438385115,1827.75,1884.39697265625,1824.7332
79,10,128,112,12,1232,1.09,13.33,13.43,164.23,-1096.4554960492044,-36.80559442174149,79.03708571428571,92.25709838867188,60.09713
3623,17,1000,112,4,336,51.01,17.21,171.39,57.83,3755.982526020658,4507.889654942683,3502.5,3692.815625,3615.2332
81,18,256,112,5,448,40.84,14.71,182.96,65.9,416.8508497865864,45.37229411255805,78.896,113.71312713623047,86.72689
75,20,200,112,8,784,20.36,14.11,159.62,110.62,332.469496530832,17.321581628921308,141.59466666666668,148.75001373291016,102.734604
540,17,512,112,12,1232,18.58,14.22,228.91,175.19,1409.2322823804259,470.9409355307826,518.27,439.1175226807594,542.92365
526,18,512,112,5,448,60.33,15.68,270.28,70.25,1597.7817269432235,670.4167450769113,525.934,501.9800964355469,571.34424
2026,10,1000,112,16,1680,5.72,14.07,96.1,236.38,2878.2899247353935,2359.4240796172785,2013.066,2038.3636962890625,2049.789
1492,14,800,112,4,336,30.43,15.56,102.24,52.28,2518.683937087175,1579.3755529574976,1486.688,1477.1349853515626,1487.8074
180,36,200,112,12,1232,29.03,15.15,357.65,186.65,1963.049603159892,662.6442232867423,287.61,278.70601654052734,231.96497
239,12,400,112,16,1680,6.0,13.91,100.8,233.69,320.28074216943287,15.305751756425252,234.166,188.19650573730468,235.22156
25,13,128,112,4,336,9.38,13.55,31.52,45.53,-686.1583958339509,-95.122594832598,26.928,-17.425178909301756,16.11713
115,8,400,112,6,560,8.58,13.46,48.05,75.38,20.186569455109975,462.808122755864,124.56,85.20306932926178,138.51718
4731,13,1200,112,5,448,35.54,16.79,159.22,75.22,4247.039557376917,4442.271737707564,4554.368,4751.516015625,4686.439
1827,17,800,112,3,224,75.24,17.37,168.54,38.91,2845.3303731245846,2776.703372446249,1819.042,2046.0929443359375,1909.8864
41,22,128,112,4,336,28.27,14.25,94.99,47.88,257.9306276306311,-4.548348621019841,68.942,48.98451385498047,85.12973
7339,36,800,112,12,1232,50.6,17.32,623.39,213.38,4730.85634649576,6020.887629499348,7206.676,7159.2740234375,7595.6484
2991,13,1000,112,16,1680,8.54,14.11,143.47,237.05,3192.986265890254,2414.6698662363683,2895.73,2760.646240234375,2857.435
1901,19,512,112,2,112,79.75,17.03,89.32,19.07,1738.5307919758243,1651.3385885657897,1710.31,1779.0301025390625,1784.1156
56,13,200,112,8,784,8.04,13.43,63.03,105.29,-401.82196616384294,165.27923122857356,74.186,26.650942993164062,60.19284
265,17,400,112,8,784,27.52,14.61,215.76,114.54,940.3754031545938,194.33434174653252,272.114,287.31366577148435,269.76154
12496,32,1200,112,12,1232,74.35,20.71,915.99,255.15,6156.465720513191,14721.27727404178,11364.292,13459.2375,12340.283
5668,15,1200,112,4,336,62.15,19.67,208.82,66.09,4468.787213029374,6015.020185421461,5433.282,5582.87841796875,5627.0176
2010,10,1000,112,6,560,17.31,14.42,96.94,80.75,2997.7908735608844,1601.335714028171,1996.9831999999997,2071.848046875,1992.9496
52,18,200,112,3,224,38.99,14.38,87.34,32.21,182.42241017367064,154.29965438051215,58.582,104.44564743041992,56.97033
16,13,128,112,2,112,30.8,14.42,34.5,16.15,-662.2582060688526,-60.55909546746807,23.34,66.02450370788574,10.044889
55,8,128,112,6,560,1.55,13.55,8.68,75.88,-1234.5524875238168,6.466275491145325,50.149,-10.911579132080078,71.86103
698,15,600,112,5,448,24.55,14.94,109.98,66.93,1689.0303748109568,725.2478067980333,700.38,632.6521301269531,702.3005
3303,15,1000,112,4,336,33.61,16.28,112.93,54.7,3546.184965250751,3500.874826791596,3239.832,3127.966748046875,3162.8872
1301,17,512,112,2,112,82.27,16.51,92.14,18.49,1528.7332312059173,1250.4889599048233,1246.196,1263.0392578125,1245.6455
2051,10,1000,112,12,1232,7.92,13.81,97.57,170.14,2926.09030426559,2317.6407990830858,2128.653666666667,1951.585009765625,2043.7885
51,18,200,112,5,448,31.0,13.55,138.88,60.7,158.52222040857237,-16.187303033785156,55.528,97.05253181457519,38.288273
21,14,128,112,2,112,29.47,14.28,33.01,15.99,-557.359425683899,-12.929136140887977,23.66,82.47999649047851,18.118692
346,12,512,112,5,448,26.37,14.54,118.14,65.14,968.3890446335021,367.3769535350308,350.75983333333335,322.3321899414062,349.54605
55,12,200,112,8,784,5.89,13.9,46.18,108.98,-506.72074654879657,190.4220496167299,74.84933333333335,26.161637353897095,57.32502
597,13,600,112,5,448,33.26,14.65,149.0,65.63,1479.2328140410496,570.9785069352234,586.486,590.6716064453125,587.43005
471,16,512,112,5,448,47.39,15.21,212.31,68.14,1387.9841661733162,522.2601716014165,488.732,401.1378112792969,510.5581
551,12,600,112,5,448,28.43,14.5,127.37,64.96,1374.334033656096,516.0486048566203,556.138,533.898681640625,554.43567
1897,17,800,112,4,336,48.0,16.03,161.28,53.86,2833.3802782420353,2433.4295496369077,1874.196,1881.3520751953124,1896.9254
3699,19,800,112,3,224,49.9,17.12,111.78,38.35,3055.1279338944914,3559.3581563065454,3164.502,3407.09384765625,3458.857
792,64,200,112,6,560,74.9,15.54,419.44,87.02,4971.916023233886,-1122.330249141762,1431.964,452.4659820556641,973.9971
4691,13,1200,112,4,336,31.74,16.96,106.65,56.99,4258.989652259466,4613.941654366683,4586.898,4615.47373046875,4708.66
106,8,400,112,4,336,13.89,13.49,46.67,45.33,44.08675922020825,230.12794411965524,117.638,90.00792632102966,95.51813
56,12,256,112,5,448,14.65,14.08,65.63,63.08,-212.54183252313487,86.18804646262834,56.808,132.0351989746094,68.94735
10152,48,600,112,6,560,79.4,17.13,444.64,95.93,5138.740032631875,9720.61462812716,9054.402,9894.856640625,9162.512
4781,13,1200,112,16,1680,9.44,14.86,158.59,249.65,4115.588513668877,4299.981163374242,4495.246,4627.4625,4812.548
15,8,128,112,3,224,8.02,12.86,17.96,28.81,-1198.7022028761692,-219.19510297742988,20.13,-57.500275421142575,20.77272
145,32,200,112,12,1232,25.92,14.76,319.33,181.84,1543.454481620078,654.7304616711178,199.0395,78.08873767852783,84.68313
2081,19,800,112,8,784,41.08,15.67,322.07,122.85,2995.377459481746,2025.2856946050476,2089.872,2127.4902099609376,2234.8528
271,10,512,112,4,336,25.63,14.28,86.12,47.98,770.5415787461442,295.9351050555367,276.208,302.8780487060547,258.2617
66,18,128,112,12,1232,4.29,13.85,52.85,170.63,-257.26525296957607,473.2350868761535,75.277,158.34745330810546,34.814102
404,14,512,112,3,224,72.18,15.41,161.68,34.52,1202.0867951685075,584.3255893418063,434.23,447.36879272460936,470.3025
65,8,200,112,12,1232,1.52,13.88,18.73,171.0,-974.1162476188072,120.12413788589316,71.587,6.049774169921875,61.24508
1256,12,800,112,3,224,17.62,14.74,39.47,33.02,2320.836471199817,1195.566999410134,1289.87,1215.055078125,1255.6123
12448,40,800,112,6,560,89.27,18.19,499.91,101.86,5222.152037330869,12268.8920996981,11041.088,12921.697265625,12290.734
265,10,512,112,3,224,38.89,14.57,87.11,32.64,782.4916736286933,255.01806290089087,256.56,325.90626831054686,283.3191
56,22,128,112,2,112,55.63,14.81,62.31,16.59,281.83081739572935,384.4939675631024,155.524,-73.23513984680176,65.955315
246,14,400,112,8,784,16.1,14.24,126.22,111.64,625.679061999733,285.58425257849734,239.334,259.8763153076172,222.49084
52,15,200,112,5,448,14.0,14.28,62.72,63.97,-156.17412074628828,-4.051181290790396,52.758,43.59850263595581,41.99738
117,17,128,112,6,560,3.79,14.15,21.22,79.24,-290.46346405923487,-46.44762179053646,117.448,151.7394241333008,131.46472
1912,50,400,112,12,1232,60.67,15.87,747.45,195.52,4354.234776327864,2323.364780221942,1878.31,1787.084912109375,1678.294
127,19,256,112,12,1232,13.44,13.91,165.58,171.37,438.09896599369586,363.1413860843123,126.542,103.29069519042969,106.832924
2446,22,800,112,8,784,54.47,15.31,427.04,120.03,3310.0738006366064,2687.316425116309,2462.531333333333,2386.011962890625,2412.8726
346,8,600,112,6,560,10.52,13.04,58.91,73.02,942.7888172337327,592.9392730235845,391.922,330.0258728027344,304.4048
818,15,600,112,8,784,25.25,14.49,197.96,113.6,1653.1800901633094,613.9269647816732,766.258,772.2272338867188,738.7437
15291,50,800,112,12,1232,65.33,17.71,804.87,218.19,6199.4392718851095,13163.335399930113,12943.356,13631.31875,14321.817
166,8,400,112,16,1680,2.98,13.89,50.06,233.35,-99.3143793703814,-120.61030817700725,202.512,142.08273010253907,158.67805
2017,10,1000,112,6,560,17.35,14.66,97.16,82.1,2997.7908735608844,1601.335714028171,1996.9831999999997,2071.848046875,1992.9496
2647,13,1000,112,3,224,70.05,18.74,156.91,41.98,3348.337499363393,2785.3536459341367,2659.394,2450.061328125,2692.8484
126,8,400,112,8,784,5.53,13.98,43.36,109.6,-3.7136203099883005,672.3444544523788,131.888,113.65350723266602,121.962135
130,20,256,112,12,1232,14.59,14.24,179.75,175.44,542.9977463786495,375.34441348347485,125.74983333333333,80.85880432128906,142.2334
791,8,800,112,6,560,11.1,13.68,62.16,76.61,1865.3910650123553,772.8878744504768,867.2608333333334,770.4009887695313,791.41974
1491,14,800,112,3,224,78.96,17.8,176.87,39.87,2530.6340319697238,1763.0727364820307,1474.564,1438.934326171875,1480.3138
2035,20,512,112,2,112,85.79,16.27,96.08,18.22,1843.429572360778,1870.2803633943947,1869.758,2013.458984375,1967.334
1651,15,800,112,8,784,26.12,14.94,204.78,117.13,2575.782337941932,1416.649217254937,1615.338,1698.1168212890625,1614.8092
26,15,128,112,2,112,35.71,14.45,40.0,16.18,-452.46064529894534,35.42531717558245,37.704,118.78949432373047,36.952385
453,19,400,112,3,224,46.94,15.64,105.15,35.03,1209.9234383372466,759.4436114611811,432.754,436.07074584960935,412.34653
4711,13,1200,112,8,784,20.21,15.62,158.45,122.46,4211.18927272927,4225.962559633603,4609.13,4657.42109375,4716.251
5831,16,1200,112,5,448,53.72,18.56,240.67,83.15,4561.735898531778,6385.896536909932,5509.798,6026.2017578125,5856.3257
26,15,128,112,4,336,13.21,13.82,44.39,46.44,-476.3608350640436,-73.50746736127144,32.064,-8.589925003051757,18.877651
38,12,200,112,4,336,17.8,13.36,59.81,44.89,-458.9203670186,-8.40038976636913,38.87,-5.037313461303711,26.900259
3540,10,1200,112,16,1680,5.76,14.23,96.77,239.06,3800.8921725140162,3928.298484148154,3323.402,3527.430126953125,3522.2896
70,10,200,112,12,1232,3.5,13.32,43.12,164.1,-764.3186868488999,174.5559471812433,77.60668571428572,-15.820881462097168,62.91046
293,19,400,112,8,784,35.04,14.44,274.71,113.21,1150.172963924501,169.21035982881682,297.628,255.95025939941405,271.01202
21,14,128,112,3,224,20.05,14.39,44.91,32.23,-569.3095205664479,-69.36376109512241,24.738,-3.3134593963623047,21.27692
656,14,600,112,5,448,38.28,14.93,171.49,66.89,1584.1315944260032,640.7500597829353,641.664,619.6036193847656,637.70105
2690,30,600,112,6,560,72.34,16.64,405.1,93.18,3250.5619857027104,3094.9423500217617,2975.524,2199.9596435546873,2771.3657
96,20,200,112,12,1232,10.45,13.8,128.74,170.02,284.6691170006354,447.4756263080316,100.45419047619042,130.94403400421143,78.2785
1066,20,512,112,4,336,54.86,15.8,184.33,53.09,1819.5293825956796,1120.695069473368,981.1613333333332,848.4042114257812,965.5379
176,13,400,112,3,224,60.12,15.38,134.67,34.45,580.5307560275253,277.970297162026,177.026,179.00435791015624,162.78775
14486,36,1000,112,12,1232,50.85,18.22,626.47,224.47,5653.458594274382,11154.300426805708,12661.806,13040.995703125,14148.002
1522,14,800,112,5,448,39.17,15.6,175.48,69.89,2506.733842204626,1451.3876814483351,1500.948,1554.2896728515625,1477.3529
30,20,128,112,3,224,37.11,14.16,83.13,31.72,60.083161743273195,95.22534525396406,48.586,17.478849935531617,56.854317
509,16,512,112,12,1232,16.56,13.88,204.02,171.0,1304.3335019954725,490.5206158199122,515.588,344.928466796875,511.11432
236,15,400,112,8,784,21.92,14.13,171.85,110.78,730.5778423846866,247.87181510482674,237.994,305.91896667480466,253.42229
1316,12,800,112,8,784,16.41,14.76,128.65,115.72,2261.085996787071,1169.7662128013244,1308.322,1318.87216796875,1263.8347
1360,36,400,112,6,560,68.68,16.15,384.61,90.44,2957.3524202338094,1644.6193056186955,1419.78,1252.716357421875,1371.9913
47,17,200,112,4,336,26.1,13.98,87.7,46.97,65.57353490616788,27.62658904210332,49.398,31.099602890014648,38.594353
15,8,128,112,4,336,5.71,13.2,19.19,44.35,-1210.6522977587185,-143.45025070878,20.188,-18.212484550476074,19.71017
5629,15,1200,112,8,784,26.95,16.11,211.29,126.3,4420.986833499177,5131.728559737334,5409.024,5511.91484375,5599.781
60,14,256,112,4,336,31.07,14.18,104.4,47.64,9.205823129321288,63.34367614936741,57.134,26.58180389404297,58.75285
1556,8,1000,112,6,560,11.02,13.91,61.71,77.9,2787.9933127909776,1202.5623093231966,1626.0340666666661,1647.2004638671874,1530.2894
11,8,128,112,2,112,15.1,13.94,16.91,15.61,-1186.7521079936203,-283.80050119171733,13.608,-10.700347137451171,-17.019415
81,18,256,112,4,336,50.22,14.93,168.74,50.16,428.80094466913556,125.67594073020683,83.818,62.598577880859374,87.09325
3573,17,1000,112,3,224,76.66,18.89,171.72,42.31,3767.932620903207,4944.793818392737,3474.414,3701.16513671875,3596.894
1671,22,128,112,6,560,1.08,14.96,6.05,83.78,234.0304378655328,-101.25976250409553,1243.96,719.3043609619141,1201.8403
806,17,600,112,4,336,48.33,15.47,162.39,51.98,1910.778030463413,1128.5045917426555,797.03,748.2443359375,801.17474
41,10,256,112,3,224,22.95,13.77,51.41,30.84,-398.4392035279436,20.56627963548999,41.746,-1.8308917999267578,33.5319
517,64,200,112,12,1232,54.15,15.09,667.13,185.91,4900.215453938592,-896.9828588652408,1085.092,138.95726623535157,603.84717
248,17,400,112,4,336,67.44,15.38,226.6,51.68,988.1757826847903,393.2063989732725,246.88,152.58766403198243,244.68095
26,13,128,112,5,448,6.68,13.91,29.93,62.32,-698.1084907164998,-66.5727860697981,32.128,61.25345993041992,23.01447
1397,13,800,112,8,784,19.33,14.71,151.55,115.33,2365.9847771720247,1231.8682674101337,1384.736,1454.7563720703124,1360.4614
231,20,256,112,2,112,76.38,15.73,85.55,17.62,662.4986952041409,629.1755218493973,234.83,149.79491512775422,221.76505
971,36,400,112,12,1232,44.83,15.91,552.31,196.01,2885.651850938514,974.9679100265212,953.342,969.525341796875,994.02374
172,12,400,112,4,336,33.39,13.94,112.19,46.84,463.6818807600225,213.6033105180063,172.10933333333335,177.5247009277344,166.09285
741,16,600,112,4,336,40.43,15.37,135.84,51.64,1805.8792500784593,977.3519794646622,743.618,695.66591796875,747.66614
6301,30,800,112,6,560,74.58,17.56,417.65,98.34,4173.164233481333,6546.90714867721,6289.282,6456.68564453125,6494.717
4671,22,1000,112,6,560,78.97,18.99,442.23,106.34,4256.576238180327,6274.926894598385,4417.189666666666,5525.45810546875,5119.939
95,24,200,112,5,448,40.11,15.21,179.69,68.14,787.9149027182937,-0.4092400831272016,271.064,319.4028015136719,-15.357748
30,18,128,112,2,112,48.08,15.65,53.85,17.53,-137.7643041440847,183.68107504710838,37.416,-33.57910842895508,53.340252
120,18,256,112,12,1232,12.22,13.61,150.55,167.68,333.20018560874246,351.9929900583709,117.788,125.89408888816834,123.805214
346,12,256,112,6,560,2.57,13.87,14.39,77.67,-224.491927405684,133.99640801090584,247.93,171.21271362304688,158.72787
116,18,256,112,3,224,55.18,14.91,123.6,33.4,440.7510395516847,263.24989351853685,110.396,111.52357635498046,110.05463
10984,36,800,112,6,560,74.09,17.63,414.9,98.73,4802.556915791054,9760.721953522936,9582.056,10515.8640625,10684.344
76,17,256,112,4,336,45.52,13.96,152.95,46.91,323.90216428418194,104.27442806184882,75.932,43.53297576904297,81.42423
366,30,200,112,2,112,79.95,15.29,89.54,17.12,1453.1578696756621,1228.5431216371694,600.63,200.3686180114746,273.33566
75,19,128,112,12,1232,3.79,13.8,46.69,170.02,-152.36647258462267,525.2294465183807,86.52400000000002,167.79437713623048,8.665445
10751,50,600,112,6,560,84.73,17.3,474.49,96.88,5348.537593401781,10678.838080071553,9460.578,10681.05703125,10570.7705
4393,12,1200,112,4,336,40.27,17.12,135.31,57.52,4154.090871874513,3964.576495395001,4308.762,4204.019287109375,4375.935
245,13,400,112,16,1680,7.32,13.97,122.98,234.7,425.1795225543865,62.483926155275185,297.412,208.48908386230468,248.46114
651,13,512,112,2,112,70.61,16.27,79.08,18.22,1109.138109666103,600.1581714161001,611.574,657.377294921875,678.24744
206,8,512,112,4,336,16.36,13.34,54.97,44.82,560.744017976237,279.88232536812575,226.24433333333334,188.5271873474121,180.70139
96,8,400,112,2,112,42.41,14.18,47.5,15.88,67.98694898530653,44.28699954467834,266.626,157.15070190429688,89.974815
111,17,256,112,3,224,49.55,14.89,110.99,33.35,335.8522591667311,217.6983227796469,105.38,94.95863494873046,104.8291
86,22,200,112,8,784,21.82,14.39,171.07,112.82,542.267057300739,-19.402205163481426,161.6146666666667,282.04011154174805,80.25564
70,16,256,112,4,336,40.6,13.82,136.42,46.44,219.0033838992283,86.67490867444138,71.966,48.00717010498047,73.41634
4426,22,800,112,4,336,68.72,17.75,230.9,59.64,3357.874180166803,4275.856729844031,3790.8133333333335,4534.54189453125,4149.343
4973,36,400,112,2,112,93.79,16.41,105.04,18.38,3005.152799764006,4686.342132154058,4377.572,5273.30361328125,5052.2646
76,16,256,112,5,448,28.81,14.49,129.07,64.92,207.05328901667917,44.258085446104246,73.744,71.95604705810547,79.00016
61,14,200,112,8,784,8.7,13.98,68.21,109.6,-296.9231857788893,141.36882886948518,85.24,36.90453186035156,66.49159
4343,12,1200,112,3,224,60.58,18.8,135.7,42.11,4166.040966757062,4126.543996180073,4246.85,4199.209521484375,4325.621
247,16,400,112,8,784,24.6,14.24,192.86,111.64,835.4766227696402,217.49366369474603,250.934,310.3173034667969,256.18585
31,18,128,112,3,224,27.22,14.14,60.97,31.67,-149.71439902663383,40.261979553150354,36.178,74.58419599533082,26.064249
1540,14,800,112,16,1680,10.48,14.25,176.06,239.4,2375.282798496585,1218.4405420789008,1450.33,1595.6208984375,1526.095
16,13,128,112,3,224,17.26,13.73,38.66,30.76,-674.2083009514015,-96.03399300685908,21.006,-16.43955886363983,14.120938
71,12,256,112,2,112,51.15,15.14,57.29,16.96,-176.69154787548746,87.1117686447559,69.284,72.66993789672851,74.30397
1206,16,512,112,2,112,74.51,16.43,83.45,18.4,1423.8344508209639,1068.8120192759072,1134.192,1111.9825073242187,1167.039
5502,15,1200,112,3,224,52.59,18.62,117.8,41.71,4480.7373079119225,6400.128313670056,5328.326,5684.49609375,5560.963
1597,15,800,112,3,224,50.57,16.12,113.28,36.11,2635.532812354678,2079.4154676909766,1580.538,1608.14033203125,1625.455
50,10,200,112,8,784,3.61,14.22,28.3,111.48,-716.5183073187034,244.86676088713858,62.85223333333333,20.447504425048827,42.885414
711,15,600,112,4,336,32.47,15.05,109.1,50.57,1700.980469693506,841.0092042386449,705.21,656.52021484375,723.89417
66,14,256,112,5,448,21.39,13.96,95.83,62.54,-2.7442717532278493,57.55545195820048,63.562,107.87892379760743,71.62565
1377,13,800,112,4,336,30.71,15.55,103.19,52.25,2413.7851567022212,1337.2840122488412,1372.324,1339.3640869140625,1362.3798
852,17,600,112,8,784,30.44,14.34,238.65,112.43,1862.9776509332164,662.8822227537914,854.286,921.7573852539062,805.8436
1431,13,800,112,16,1680,9.1,14.48,152.88,243.26,2270.384018111632,1213.2554825116856,1406.558,1444.3677734375,1424.1316
35,8,256,112,3,224,13.25,13.4,29.68,30.02,-608.2367642978504,6.83369994071893,36.678,-37.91299576759339,31.410076
748,16,600,112,5,448,50.15,15.35,224.67,68.77,1793.9291551959102,824.3562913787946,751.954,665.9466369628906,724.13477
5951,24,600,112,2,112,85.6,16.31,95.87,18.27,2668.969682923186,3822.7399562972314,6110.838,5917.41064453125,6982.421
186,12,400,112,8,784,13.31,13.94,104.35,109.29,415.881501229826,383.4738121234991,189.11,202.60595092773437,200.85368
58,17,200,112,5,448,24.77,14.12,110.97,63.26,53.62344002361874,-13.894672539645057,59.622,47.03773651123047,46.965126
201,8,512,112,2,112,49.73,14.36,55.7,16.08,584.6442077413353,80.58573450958488,243.032,182.23129577636718,217.375
1201,24,600,112,12,1232,38.62,14.75,475.8,181.72,2549.468734097695,941.0131109778476,1441.058,1110.303271484375,1073.861
3145,64,200,112,2,112,94.04,15.28,105.32,17.11,5019.716402764083,4013.3400508992627,2765.378,4894.529248046875,2638.8364
1881,22,600,112,4,336,67.19,16.66,225.76,55.98,2435.2719323881806,2102.374227851973,1732.0510666666667,2168.0517578125,1793.1783
56,13,256,112,4,336,25.19,13.95,84.64,46.87,-95.69295725563211,57.842876215146816,52.868,27.177848243713377,49.65939
195,10,400,112,16,1680,4.71,13.76,79.13,231.17,110.48318139952585,-63.44251894612967,196.186,179.9025535583496,191.61227
151,22,256,112,5,448,40.07,14.19,179.51,63.57,836.4459713264005,87.14082572599011,136.31,160.78229331970215,76.88881
2256,20,800,112,8,784,44.24,15.6,346.84,122.3,3100.2762398666996,2226.578520778465,2268.482761904762,2219.822607421875,2366.531
4297,20,1000,112,12,1232,29.56,15.12,364.18,186.28,3975.0781081151254,3775.058823451647,4215.379142857143,4153.625244140625,4232.655
1282,12,800,112,6,560,23.3,14.46,130.48,80.98,2284.9861865521693,1086.994227015465,1250.8023333333335,1328.358349609375,1230.4371
5197,14,1200,112,4,336,53.8,18.8,180.77,63.17,4363.88843264442,5297.461369909411,5037.084,5075.01650390625,5142.0293
721,15,512,112,3,224,50.61,15.84,113.37,35.48,1306.985575553461,698.3633167532207,671.098,521.5279052734375,591.10425
596,12,512,112,2,112,61.19,16.1,68.53,18.03,1004.2393292811495,469.784068810887,555.5193333333333,564.0326721191407,571.60187
76,22,200,112,6,560,33.14,14.08,185.58,78.85,566.1672470658373,-68.62124029072788,290.5313333333333,474.2830535888672,184.82512
1563,40,400,112,6,560,82.42,16.21,461.55,90.78,3376.947541773624,2227.047069304141,1628.65,1682.397802734375,1625.4192
2468,12,1000,112,5,448,30.22,15.6,135.39,69.89,3219.538529213341,2132.061791321186,2518.956,2386.09736328125,2479.94
47,10,200,112,6,560,6.5,13.46,36.4,75.38,-692.6181175536051,124.82277478425374,44.769366666666656,56.449918556213376,62.81794
645,12,600,112,16,1680,7.26,14.04,121.97,235.87,1242.8829899480556,506.8382641249416,628.004,578.7529602050781,640.1631
7151,32,1000,112,12,1232,72.91,18.92,898.25,233.09,5233.863472734568,8747.421222751418,7811.872,7996.24140625,7977.082
40,10,200,112,6,560,11.11,13.22,62.22,74.03,-692.6181175536051,124.82277478425374,44.769366666666656,56.449918556213376,62.81794
6791,18,1200,112,8,784,37.77,17.39,296.12,136.34,4735.683174654037,6735.079561004556,6588.33,6784.7626953125,6853.862
91,20,256,112,5,448,48.16,13.81,215.76,61.87,626.6484105564934,59.97442514378008,104.012,137.2257715821266,83.65063
3672,32,400,112,2,112,89.69,16.14,100.45,18.08,2585.557678224192,3637.8199889720518,3587.284,3973.64130859375,4051.1282
496,17,512,112,5,448,53.5,15.49,239.68,69.4,1492.8829465582699,590.5417584704076,505.408,468.5901733398438,544.226
358,8,600,112,8,784,7.09,14.09,55.59,110.47,918.8886274686345,879.1577164687412,375.562,288.9364410400391,337.05817
1085,20,512,112,3,224,80.85,16.16,181.1,36.2,1831.4794774782288,1453.0441985312725,1154.624,1263.44716796875,1161.1783
181,13,400,112,4,336,26.47,14.64,88.94,49.19,568.5806611449761,232.1079941741504,183.222,199.59200744628907,169.1003
30,10,128,112,6,560,4.36,13.43,24.42,75.21,-1024.7549267539096,-3.4420469749379663,38.0678,-19.708772659301758,71.75087
201,13,400,112,8,784,15.72,14.06,123.24,110.23,520.7802816147796,330.7464327174805,203.868,229.7359619140625,206.34514
397,8,600,112,16,1680,3.53,13.83,59.3,232.34,823.2878684082415,666.9972710121865,433.528,389.05029296875,398.82007
27,12,200,112,3,224,24.66,14.11,55.24,31.61,-446.97027213605065,-17.336624704222572,33.17,48.68675994873047,25.60773
3107,50,400,112,6,560,81.15,16.31,454.44,91.34,4425.935345623159,4022.3413780381834,3056.76,3371.875048828125,3306.614
504,10,600,112,16,1680,5.33,13.84,89.54,232.51,1033.0854291781484,563.461960356791,505.136,478.5381713867188,514.46936
6868,40,400,112,2,112,93.57,16.78,104.8,18.79,3424.7479213038205,5843.616818626096,5813.52,6784.54765625,7047.747
416,50,200,112,6,560,68.12,15.44,381.47,86.46,3503.3330978445365,-404.26647041494675,762.9,106.66268768310547,363.827
1111,40,400,112,12,1232,52.98,15.9,652.71,195.89,3305.2469724783286,1301.0494893550638,1147.894,1032.6695190429687,1135.0828
276,10,512,112,5,448,19.18,14.3,85.93,64.06,758.591483863595,362.4976145717026,263.226,272.7840301513672,256.85153
546,32,400,112,12,1232,57.58,15.33,709.39,188.87,2466.0567293987006,707.3098999023323,602.344,566.3321411132813,583.849
216,8,512,112,5,448,11.97,14.08,53.63,63.08,548.7939230936879,407.2246594066593,222.288,159.28656921386718,180.78748
1761,16,800,112,4,336,40.63,15.99,136.52,53.73,2728.481497857082,2127.563778253254,1792.892,1741.2428955078126,1758.1965
51,13,256,112,3,224,43.61,14.48,97.69,32.44,-83.74286237308297,77.81209953117195,49.776,62.30228729248047,50.088882
36,8,200,112,6,560,3.25,12.65,18.2,70.84,-902.4156783235123,182.58604136066128,45.40186666666667,67.95861053466797,62.95153
126,15,256,112,2,112,58.12,15.42,65.09,17.27,138.0047932793732,255.9978191516101,119.096,114.98409881591797,134.49405
3078,30,400,112,2,112,87.58,15.84,98.09,17.74,2375.7601174542847,3156.6502531492633,3063.222,3430.0830078125,3077.0332
95,12,200,112,16,1680,3.23,13.66,54.26,229.49,-602.3215056091897,-448.72117940904786,124.15,108.55726852416993,98.03573
6605,30,1000,112,12,1232,65.02,18.31,801.05,225.58,5024.065911964661,7682.189689493763,6961.468,6710.0662109375,7174.3774
392,48,200,112,6,560,64.51,15.35,361.26,85.96,3293.5355370746297,-347.64101004466943,706.51,285.2900650024414,233.97739
50,12,256,112,4,336,22.51,13.84,75.63,46.5,-200.59173764058573,56.605895968767186,49.99,25.711808156967162,54.026115
586,13,600,112,4,336,29.87,15.1,100.36,50.74,1491.1829089235987,613.2149913494292,579.664,552.2064697265625,588.2502
530,18,512,112,4,336,79.87,15.68,268.36,52.68,1609.7318218257726,859.555777171636,572.734,588.6027954101562,627.23303
60,15,200,112,8,784,11.06,14.2,86.71,111.33,-192.0244053939357,118.57538593774285,82.91,99.96852188110351,73.98045
1651,32,600,112,12,1232,66.89,16.28,824.08,200.57,3388.6589771773233,1940.3459179683505,1935.438,1615.8483154296875,1497.8474
100,14,200,112,16,1680,4.07,13.89,68.38,233.35,-392.5239448392824,-125.94287536569243,140.688,186.08387603759766,104.11222
3134,36,600,112,12,1232,49.7,16.45,612.3,202.66,3808.254098717137,2694.412918001838,3206.702,2903.348876953125,3019.5906
52,16,200,112,5,448,25.21,14.13,112.94,63.3,-51.275340361334656,-9.887784159221042,54.532,15.831242561340332,41.13483
2487,12,1000,112,4,336,39.76,16.14,133.59,54.23,3231.4886240958904,2197.5726770415195,2540.484,2292.280419921875,2481.069
80,19,200,112,8,784,16.06,14.08,125.91,110.39,227.57071614587835,36.26207644977558,115.25,117.1585578918457,71.8914
1081,15,512,112,2,112,68.73,16.41,76.98,18.38,1318.9356704360102,899.787603250333,977.856,985.35185546875,1047.3138
186,13,400,112,5,448,30.01,14.22,134.44,63.71,556.630566262427,223.2023413608739,186.706,251.73202819824218,176.17343
461,10,600,112,8,784,11.3,14.52,88.59,113.84,1128.6861882385415,732.7330231587698,445.94,430.8265075683594,463.5687
2468,12,1000,112,6,560,24.13,15.75,135.13,88.2,3207.5884343307916,2110.265242581847,2457.1581,2508.653369140625,2474.4617
585,24,400,112,6,560,47.79,15.17,267.62,84.95,1698.567055614367,458.6186265379164,633.358,557.9486572265625,463.3504
35,12,128,112,6,560,4.95,13.53,27.72,75.77,-814.9573659840028,-13.637985262464326,53.58,26.73417224884033,89.16168
1021,10,800,112,4,336,27.8,14.46,93.41,48.59,2099.088815547361,740.4051571004293,974.8753333333334,931.98232421875,1078.0673
201,8,512,112,3,224,24.75,14.05,55.44,31.47,572.6941128587862,168.08672202739547,212.724,189.90329284667968,207.48698
36,13,200,112,3,224,38.42,14.46,86.06,32.39,-342.07149175109726,4.641285975861024,36.399,49.014714050292966,23.905777
276,18,400,112,8,784,31.64,14.35,248.06,112.5,1045.2741835395473,178.27839265846376,272.974,286.55419006347654,278.82172
410,14,512,112,5,448,35.67,14.66,159.8,65.68,1178.1866054034092,420.93902348286247,413.146,359.3464782714844,411.6522
803,17,600,112,5,448,55.8,15.56,249.98,69.71,1898.8279355808638,937.9600569234965,783.022,751.9493469238281,761.52026
938,64,200,112,5,448,79.14,14.97,354.55,67.07,4983.866118116436,-265.4729140863134,1697.06,667.144140625,910.14075
4755,22,1000,112,8,784,55.7,17.11,436.69,134.14,4232.676048415229,5389.489023896083,4612.319333333334,4702.67421875,4705.263
110,24,200,112,12,1232,14.63,14.04,180.24,172.97,704.2642385404498,539.7569406715111,166.62216666666666,122.31378564834594,155.76347
1595,8,1000,112,16,1680,3.7,13.99,62.16,235.03,2668.492363965486,2444.368477944117,1719.186,1525.2545166015625,1603.4863
1548,28,512,112,4,336,,,,,2658.7196256753077,2618.4791513576856,2867.475066666667,2500.8441162109375,1598.9407
370,13,512,112,4,336,41.98,14.95,141.05,50.23,1085.2379199010047,415.096773364397,376.3678333333333,394.6156921386719,368.5206
4257,20,1000,112,12,1232,29.76,15.52,366.64,191.21,3975.0781081151254,3775.058823451647,4215.379142857143,4153.625244140625,4232.655
172,12,400,112,5,448,25.32,14.1,113.43,63.17,451.7317858774734,230.07972596805774,173.79,233.88966674804686,171.96237
4267,20,1000,112,8,784,46.38,15.91,363.62,124.73,4022.878487645322,4536.265814447423,4232.743428571429,4255.58251953125,4326.194
142,16,256,112,2,112,63.27,15.19,70.86,17.01,242.9035736643266,321.77114877712495,135.934,105.88846893310547,140.19641
61,13,256,112,5,448,17.2,14.16,77.06,63.44,-107.64305213818125,69.89711741051144,60.472,125.59079055786133,63.85958
805,30,400,112,6,560,67.64,15.28,378.78,85.57,2327.959737924088,939.4510802295292,997.926,687.8638793945313,825.05273
12426,30,1000,112,6,560,75.85,19.62,424.76,109.87,5095.766481259955,11495.25385848253,11410.038,12573.978515625,12274.39
340,12,512,112,3,224,54.7,15.07,122.53,33.76,992.2892343986003,394.0722362769548,357.0355,402.7832458496094,383.99356
2671,13,1000,112,4,336,31.42,16.27,105.57,54.67,3336.3874044808435,2604.223439159042,2693.798,2551.42041015625,2721.5828
13157,32,600,112,2,112,91.1,17.97,102.03,20.13,3508.1599260028142,7105.498436572074,11018.012,11760.29560546875,11703.977
7032,19,1200,112,8,784,42.93,17.59,336.57,137.91,4840.5819550389915,7334.321935316508,6821.344,7205.09931640625,6991.116
1062,22,600,112,8,784,52.71,15.66,413.25,122.77,2387.471552857984,1018.3826088708929,1094.4443999999999,953.1629516601563,1087.2397
661,13,600,112,16,1680,8.65,14.08,145.32,236.54,1347.7817703330093,495.8296299135395,683.32,644.1218688964843,693.39154
236,40,200,112,6,560,61.06,14.77,341.94,82.71,2454.345293995001,-199.08075463191062,389.216,352.83582763671876,109.79878
101,20,200,112,12,1232,11.41,13.82,140.57,170.26,284.6691170006354,447.4756263080316,100.45419047619042,130.94403400421143,78.2785
30,16,128,112,4,336,17.83,13.64,59.91,45.83,-371.46205467909,-62.67228750660206,36.526,9.921573638916016,17.454117
395,14,512,112,4,336,48.94,14.92,164.44,50.13,1190.1367002859583,479.71083606785805,404.1655,426.23671264648436,423.58896
41,16,200,112,4,336,20.53,14.23,68.98,47.81,-39.32524547878552,15.901738924878714,48.484,28.67902002334595,34.33566
84,22,200,112,4,336,42.84,14.19,143.94,47.68,590.0674368309355,114.3739172085647,95.518,72.01874160766602,52.9421
3133,15,1000,112,5,448,47.02,17.2,210.65,77.06,3534.234870368202,3260.097080956777,3168.072,3052.88486328125,3135.0203
36,19,128,112,5,448,15.82,14.44,70.87,64.69,-68.7158084067787,-72.7762397517264,44.286,147.15990600585937,1.4543381
38,12,200,112,5,448,17.15,13.69,76.83,61.33,-470.87046190114893,25.591480259768787,42.377,86.18973884582519,35.492813
440,15,512,112,5,448,41.8,15.08,187.26,67.56,1283.0853857883628,465.6874410716605,447.552,364.8147888183594,480.7387
134,20,256,112,3,224,65.27,0.01,146.2,0.02,650.5486003215917,366.24085669638373,128.496,133.6453544616699,175.70918
1006,20,600,112,8,784,41.66,15.11,326.61,118.46,2177.6739920880773,836.7976389434989,999.898,977.2728393554687,1014.07794
1546,30,600,112,12,1232,58.89,15.9,725.52,195.89,3178.861416407416,1625.5270878654942,1762.556,1444.558056640625,1587.9084
2051,10,1000,112,12,1232,7.97,13.82,98.19,170.26,2926.09030426559,2317.6407990830858,2128.653666666667,1951.585009765625,2043.7885
587,13,600,112,3,224,66.75,16.29,149.52,36.49,1503.1330038061478,699.2597726926904,582.674,598.1470458984375,572.4991
311,22,256,112,2,112,76.29,15.65,85.44,17.53,872.2962559740479,807.8479487035439,327.872,299.1930816650391,375.59076
126,19,256,112,4,336,41.49,15.27,139.41,51.31,533.699725054089,150.7639900777927,123.476,97.76893920898438,148.3963
565,18,512,112,12,1232,21.22,13.54,261.43,166.81,1514.1310627653795,460.752762362917,543.724,511.1930419921875,580.3761
556,19,512,112,5,448,66.99,15.98,300.12,71.59,1702.6805073281769,761.7696748192049,574.578,547.6171142578125,654.8187
2689,13,1000,112,8,784,19.89,15.14,155.94,118.7,3288.587024950647,2367.339665187189,2704.038,2699.53759765625,2761.771
601,13,600,112,8,784,18.86,14.38,147.86,112.74,1443.3825293934024,619.6399840157823,596.044,604.2726318359375,617.6504
3957,20,800,112,3,224,55.59,17.61,124.52,39.45,3160.0267142794455,3982.4094863967703,3578.004,4233.299072265625,3915.4766
1848,17,800,112,8,784,32.54,15.81,255.11,123.95,2785.5798987118387,1681.4295772578348,1819.774,1903.5956298828125,1831.0543
5363,40,600,112,6,560,87.26,16.91,488.66,94.7,4299.549789552246,6316.401893318593,5259.992,6053.4595703125,5606.4907
160,18,256,112,2,112,81.19,16.03,90.93,17.95,452.70113443423384,466.84203760266394,151.908,68.0361007630825,187.45781
56,14,256,112,3,224,50.08,14.9,112.18,33.38,21.155918011870426,106.20473318378254,55.758,37.083635330200195,61.724995
213,15,400,112,3,224,79.16,15.71,177.32,35.19,790.3283167974323,403.1410201846021,218.356,189.40253295898438,234.60185
1726,16,800,112,8,784,29.55,15.09,231.67,118.31,2680.6811183268856,1539.0971992874856,1704.672,1786.5457763671875,1728.276
9037,24,1200,112,12,1232,43.07,18.07,530.62,222.62,5317.275477433563,8995.4344170539,9277.566,8539.21171875,9052.977
46,12,256,112,3,224,36.22,14.17,81.13,31.74,-188.6416427580366,53.99784165443771,48.112,63.61505661010742,52.653267
249,17,400,112,5,448,49.42,14.74,221.4,66.04,976.2256878022412,279.62691222632907,245.786,245.88803100585938,235.88876
1987,18,800,112,8,784,36.53,15.41,286.4,120.81,2890.478679096793,1843.5308945642635,1973.716,2017.241650390625,1976.6469
31,14,128,112,5,448,6.91,13.72,30.96,61.47,-593.2097103315461,-66.6739039921705,33.746,38.00880584716797,31.22648
101,16,256,112,3,224,44.4,14.95,99.46,33.49,230.95347878177745,176.2633014097429,92.888,62.417179870605466,94.07167
1971,24,600,112,6,560,51.3,16.43,287.28,92.01,2621.1693033929896,1757.7653592192316,2147.906,1395.4524169921874,1830.1787
584,36,200,112,2,112,88.86,15.85,99.52,17.75,2082.550551985383,1752.1020802376183,782.564,615.4776733398437,446.6678
324,50,200,112,12,1232,41.72,15.06,513.99,185.54,3431.6325285492417,304.0055357183533,594.532,165.0568534851074,328.21948
1652,15,800,112,5,448,25.28,15.06,113.25,67.47,2611.632622589579,1667.0244669753376,1610.996,1629.1041259765625,1612.229
155,10,400,112,8,784,9.49,14.37,74.4,112.66,206.08394045991895,512.0859951435325,149.134,187.23055877685547,154.43999
1408,18,512,112,2,112,90.6,17.26,101.47,19.33,1633.632011590871,1444.7029685353582,1346.536,1535.454638671875,1365.3289
5091,14,1200,112,5,448,40.97,17.27,183.55,77.37,4351.9383377618715,5056.4606124276415,4959.156,5142.5703125,5091.0474
37,8,256,112,4,336,9.18,13.04,30.84,43.81,-620.1868591803998,96.60530389611193,37.742,27.437174248695374,29.466665
30,8,128,112,5,448,3.53,13.21,15.81,59.18,-1222.6023926412674,-65.31382951088324,32.676,81.64147186279297,25.012003
1632,15,800,112,4,336,33.81,15.61,113.6,52.45,2623.5827174721285,1842.8406271595427,1625.59,1627.7481689453125,1635.3679
25,15,128,112,3,224,22.38,14.45,50.13,32.37,-464.41074018149425,-42.28359128152954,28.834,9.223600769042969,28.395695
6208,64,400,112,6,560,86.04,16.36,481.82,91.62,5894.51827101251,7168.857217613728,5293.492,6443.66611328125,5839.849
834,16,512,112,3,224,53.31,15.74,119.41,35.26,1411.8843559384145,824.854469281664,799.914,613.2203002929688,672.74976
3827,18,1000,112,3,224,90.96,19.58,203.75,43.86,3872.831401288161,5554.128760547252,3648.706,4499.19482421875,3928.9402
41,10,256,112,4,336,16.68,13.45,56.04,45.19,-410.389298410493,67.38522094642155,40.66,44.12345507144928,34.231438
13946,24,800,112,2,112,85.32,17.98,95.56,20.14,3591.571930701809,6724.99339846553,10067.616,12012.40263671875,12775.065
1336,13,800,112,3,224,68.92,17.35,154.38,38.86,2425.7352515847706,1468.4180948545095,1335.666,1340.5069091796875,1346.7649
25,15,128,112,5,448,9.33,13.42,41.8,60.12,-488.3109299465925,-66.99419618875902,32.03,6.915006446838379,27.037027
646,14,600,112,3,224,76.15,16.58,170.58,37.14,1608.0317841911015,847.2910508106307,630.732,613.5094604492188,639.4767
770,8,800,112,2,112,53.96,15.84,60.44,17.74,1913.1914445425518,231.70511797976576,1192.678,705.4227600097656,1152.1936
115,18,128,112,6,560,4.03,14.31,22.57,80.14,-185.56468367428124,-55.18802319151882,130.96,260.4396408081055,147.49414
442,10,600,112,4,336,26.48,14.05,88.97,47.21,1176.486567768738,385.4838649484941,424.952,405.3706970214844,438.26602
87,19,256,112,5,448,43.61,14.91,195.37,66.8,521.7496301715398,51.045097633434125,89.85,121.78920240402222,75.75582
3998,19,1000,112,8,784,42.42,16.55,332.57,129.75,3917.9797072603687,4148.229510575547,4009.652,4044.643798828125,4055.925
1958,18,800,112,3,224,89.0,17.79,199.36,39.85,2950.2291535095383,3157.41763278913,2013.632,2531.965771484375,2165.4465
495,17,512,112,4,336,71.48,15.25,240.17,51.24,1504.833041440819,746.6171515556468,527.37,453.6406188964844,581.11926
2914,48,400,112,6,560,76.8,15.59,430.08,87.3,4216.137784853252,3628.2085676013085,3118.23,2964.866796875,3406.399
2907,14,1000,112,3,224,80.96,19.48,181.35,43.64,3453.2362797483465,3283.297836421423,2923.154,2740.77451171875,2884.8354
1679,20,600,112,3,224,54.47,16.32,122.01,36.56,2237.4244665008227,2053.899171670577,1600.248,1967.1837158203125,1674.9346
21,12,128,112,4,336,9.18,13.68,30.84,45.96,-791.0571762189045,-105.67162924580884,25.938,-22.168733978271483,17.70126
26,16,128,112,2,112,46.8,14.5,52.42,16.24,-347.5618649139917,84.38880788022016,39.704,105.22482147216797,35.056557
797,40,200,112,2,112,88.48,16.23,99.1,18.18,2502.1456735251977,2111.9658216807525,990.394,974.1486083984375,836.5256
150,17,256,112,2,112,69.98,15.03,78.38,16.83,347.8023540492802,392.09104046138384,152.552,96.33053359985351,161.03232
701,22,512,112,12,1232,30.89,14.56,380.56,179.38,1933.7261843051938,511.606008869643,686.2707333333334,706.2552001953125,674.5573
16369,24,1200,112,6,560,52.14,19.28,291.98,107.97,5388.976046728857,12193.697586982476,13328.884,14383.8728515625,15416.81
136,30,200,112,12,1232,23.41,14.95,288.41,184.18,1333.6569208501708,636.9948519215889,216.51216666666664,63.097843933105466,160.26428
221,16,400,112,3,224,79.81,15.29,178.77,34.25,895.2270971823859,479.1447097524026,233.846,222.97919006347655,253.19089
1996,10,1000,112,4,336,28.33,15.01,95.19,50.43,3021.691063325983,1468.1982992126007,1886.7111333333335,1852.69912109375,1999.4082
651,14,600,112,8,784,21.82,14.55,171.07,114.07,1548.2813097783558,609.892211447088,654.806,673.72783203125,665.4624
898,19,600,112,8,784,40.15,15.02,314.78,117.76,2072.7752117031237,765.582105118356,903.386,984.0468505859375,979.48114
331,22,400,112,6,560,63.8,13.98,357.28,78.29,1488.7694948444598,352.503915482259,391.99333333333334,278.8229248046875,408.57007
2467,12,1000,112,3,224,59.84,17.36,134.04,38.89,3243.4387189784393,2315.545784867964,2528.704,2124.139404296875,2455.2876
73,20,200,112,3,224,34.72,14.66,77.77,32.84,392.21997094357766,230.5665921788583,84.14133333333335,76.95140914916992,87.30663
226,16,400,112,4,336,34.97,14.77,117.5,49.63,883.2770022998368,340.10076045075544,226.4,113.32982635498047,227.09001
2906,14,1000,112,4,336,53.87,17.43,181.0,58.56,3441.286184865797,3038.695974609641,2893.852,2839.145458984375,2906.7036
3611,17,1000,112,8,784,33.65,16.32,263.82,127.95,3708.1821464904615,3449.8847875453184,3594.026,3620.0125,3631.0007
28,10,200,112,4,336,13.24,13.31,44.49,44.72,-668.7179277885068,-5.376698621286209,30.68716666666667,-14.834821891784667,16.501822
130,16,128,112,6,560,2.88,14.25,16.13,79.8,-395.36224444418826,-38.58732055697374,114.452,116.9524082183838,115.64577
110,8,256,112,6,560,3.63,13.59,20.33,76.1,-644.087048945498,287.7304952380787,106.58533333333334,94.56185913085938,116.00995
27,8,256,112,2,112,33.26,14.14,37.25,15.84,-596.2866694153015,-67.41339603745871,32.502,50.746525573730466,-19.702402
8361,22,1200,112,8,784,55.98,19.09,438.88,149.67,5155.278296193852,9324.808787496873,7902.972,8570.74697265625,8468.703
36,18,128,112,5,448,16.89,14.37,75.67,64.38,-173.6145887917321,-70.42468444104736,39.37,115.28270807266236,23.706264
95,24,200,112,6,560,33.1,14.55,185.36,81.48,775.9648078357445,-83.9600716679397,235.72733333333335,485.0919616699219,153.95207
551,12,600,112,6,560,22.51,14.13,126.06,79.13,1362.383938773547,540.1137862956459,554.744,690.2897033691406,554.2488
6451,50,600,112,12,1232,64.82,16.66,798.58,205.25,5276.837024106487,6543.171940863644,6499.692,5734.79111328125,7066.45
48,12,200,112,6,560,3.25,13.9,18.2,77.84,-482.8205567836983,75.89110024907507,77.8228,84.91366424560547,84.63951
5881,16,1200,112,3,224,94.19,21.96,210.99,49.19,4585.636088296877,7226.620093880284,5578.682,6343.1755859375,5879.7407
212,15,400,112,4,336,29.5,14.62,99.12,49.12,778.3782219148832,295.4721757422478,205.074,163.89098510742187,220.00647
781,8,800,112,4,336,18.0,13.94,60.48,46.84,1889.2912547774536,451.47029216667937,840.926,622.7416931152344,826.83026
86,13,128,112,6,560,2.23,13.81,12.49,77.34,-710.0585855990491,-19.13245184357595,74.486,53.32924041748047,95.39999
185,19,128,112,6,560,2.85,14.4,15.96,80.64,-80.66590328932784,-64.92398136164275,226.992,419.60321655273435,307.17572
43,16,200,112,3,224,46.33,14.17,103.78,31.74,-27.37515059623638,86.94437042469588,47.926,71.64747772216796,50.408684
196,14,400,112,3,224,67.19,15.46,150.51,34.63,685.4295364124787,336.0443971205688,195.954,180.51266479492188,186.84079
3371,16,1000,112,8,784,30.04,15.69,235.51,123.01,3603.2833661055074,3139.8072815904115,3334.838,3362.87978515625,3387.4224
1531,8,1000,112,2,112,54.36,16.83,60.88,18.85,2835.793692321174,629.4896736648482,1753.171,1678.761669921875,1399.7549
112,10,256,112,6,560,4.66,13.66,26.1,76.5,-434.28948817559126,202.9012969906164,108.7813,152.40223999023436,125.75206
1026,10,800,112,6,560,16.88,14.01,94.53,78.46,2075.1886257822625,887.528555284555,1019.3281,1026.5257568359375,1039.5815
30,17,128,112,4,336,16.09,13.92,54.06,46.77,-266.5632742941366,-51.97263904155807,33.592,21.874798011779784,22.287052
223,15,400,112,5,448,22.2,14.63,99.46,65.54,766.428127032334,234.8587181382087,221.068,291.4861267089844,220.45393
4404,12,1200,112,8,784,17.31,14.87,135.71,116.58,4106.290492344317,3822.366329609231,4310.46,4291.43388671875,4376.5654
741,16,600,112,3,224,88.07,16.43,197.28,36.8,1817.8293449610085,1189.3040694751598,757.792,784.4159790039063,781.6632
401,24,400,112,12,1232,33.0,14.22,406.56,175.19,1626.8664863190722,376.8214773080127,451.54,386.0998229980469,451.0717
595,19,512,112,12,1232,23.75,14.12,292.6,173.96,1619.0298431503331,459.84063971459307,581.294,582.8953247070312,627.3739
42,15,200,112,4,336,15.31,14.12,51.44,47.44,-144.22402586373914,6.321159383696681,45.798,31.33729705810547,35.24894
326,8,600,112,2,112,51.53,15.21,57.71,17.04,990.5891967639293,103.2736873685941,773.358,219.6540496826172,523.3984
37,20,128,112,4,336,25.95,14.18,87.19,47.64,48.13306686072406,-21.84144800140848,67.462,99.71876678466796,59.781292
51,10,256,112,5,448,9.88,13.96,44.26,62.54,-422.3393932930419,131.07952177316895,50.888,166.80668029785156,48.93439
31,17,128,112,5,448,15.83,14.11,70.92,63.21,-278.5133691766857,-68.75412981147463,38.246,52.28778610229492,32.558193
3770,32,800,112,12,1232,69.64,17.37,857.96,214.0,4311.261224955946,4553.746898155828,4290.808,4120.31708984375,3674.722
48,17,200,112,3,224,43.73,14.86,97.96,33.29,77.52362978871702,119.4503273714264,56.114,87.15026111602783,57.914936
4716,24,800,112,6,560,51.2,17.27,286.72,96.71,3543.7715511716124,4013.3885086626606,5067.818,3947.609716796875,5273.401
1733,16,800,112,3,224,90.28,17.81,202.23,39.89,2740.431592739631,2417.3308318796235,1702.112,1790.1590087890625,1775.8783
26,10,128,112,5,448,5.25,13.64,23.52,61.11,-1012.8048318713602,-66.42991193075034,31.437,78.14181394577027,18.835342
3666,40,600,112,12,1232,57.54,16.73,708.89,206.11,4227.849220256951,3608.228019047151,3791.752,3517.354541015625,3266.3953
31,19,128,112,3,224,27.7,14.11,62.05,31.61,-44.81561864168043,67.8273349569364,45.92,43.96864318847656,32.846035
46,8,200,112,8,784,2.78,13.92,21.8,109.13,-926.3158680886106,305.62661549449246,59.71533333333333,22.096477508544922,42.14955
871,32,400,112,6,560,75.94,16.13,425.26,90.33,2537.7572986939954,1150.8124955890094,966.85,893.1319702148437,704.59247
16503,40,1000,112,12,1232,60.84,19.07,749.55,234.94,6073.053715814196,13923.57679548677,14773.622,16182.7890625,16052.557
10969,30,600,112,2,112,89.22,18.26,99.93,20.45,3298.362365232907,6200.949822866003,9949.826,10361.45,10215.908
5910,16,1200,112,8,784,30.61,16.23,239.98,127.24,4525.88561388413,5633.667416613247,5724.86,5929.99384765625,5887.048
1421,48,400,112,12,1232,72.0,16.12,887.04,198.6,4144.437215557958,2098.9264655842026,1634.58,1592.284130859375,1607.6974
1044,10,800,112,8,784,11.67,14.7,91.49,115.25,2051.2884360171643,1106.7162272195048,1027.296,1016.2822875976562,1076.0994
2753,8,1200,112,16,1680,3.72,14.08,62.5,236.54,3591.094611744109,3833.948870260161,2865.312,3004.71494140625,2770.6162
1542,8,1000,112,4,336,18.31,14.3,61.52,48.05,2811.893502556076,851.4964939366668,1596.944,1420.5241577148438,1533.5436
846,8,800,112,16,1680,3.6,13.89,60.48,233.35,1745.890116186864,1455.3540722903426,905.776,830.0554931640625,870.2155
336,8,600,112,4,336,17.16,13.55,57.66,45.53,966.689006998831,310.9835696565604,361.572,310.80113830566404,311.11542
2901,14,1000,112,8,784,23.02,14.02,180.48,109.92,3393.4858053356006,2598.4192638096238,2869.266,2883.251220703125,2925.311
2686,13,1000,112,5,448,35.15,15.95,157.47,71.46,3324.4373095982946,2480.6048228219147,2660.322,2594.56171875,2721.3208
2461,22,800,112,6,560,75.34,17.0,421.9,95.2,3333.973990401705,3324.3696006401615,2658.153,2862.424755859375,2667.292
207,40,200,112,12,1232,34.25,15.22,421.96,187.51,2382.6447246997063,627.6570222992507,342.626,202.61290740966797,159.3381
7590,20,1200,112,8,784,46.56,18.4,365.03,144.26,4945.480735423945,7965.767902237025,7193.388,7630.76611328125,7700.0986
72,19,200,112,3,224,38.19,14.77,85.55,33.08,287.32119055862404,191.3768948502301,80.138,80.98133926391601,80.697525
115,14,128,112,6,560,2.1,13.93,11.76,78.01,-605.1598052140955,-25.045192185216365,105.268,68.95631484985351,108.74432
3198,15,1000,112,8,784,26.68,15.44,209.17,121.05,3498.3845857205542,2855.946954811272,3142.36,3104.8626953125,3185.812
3563,17,1000,112,5,448,59.59,17.68,266.96,79.21,3744.032431138109,4148.694555258029,3442.262,3653.851171875,3546.3374
39,8,256,112,5,448,7.21,13.87,32.3,62.14,-632.1369540629487,193.15353070360356,44.346,145.6763122558594,44.31874
640,20,512,112,12,1232,25.52,14.27,314.41,175.81,1723.9286235352865,468.0891109840876,618.6795,628.6131958007812,678.7583
28,16,128,112,3,224,19.48,13.77,43.64,30.84,-359.51195979654085,-14.908940167804872,31.912,45.61420084238053,28.509048
62,16,200,112,8,784,12.48,14.05,97.84,110.15,-87.12562500898207,96.78344583162317,85.374,131.49437713623047,72.283066
307,20,400,112,8,784,36.63,14.54,287.18,113.99,1255.0717443094545,167.01478665586916,328.572,235.04656372070312,284.96045
1278,12,800,112,5,448,29.53,14.96,132.29,67.02,2296.9362814347187,1083.4064992121112,1306.478,1345.24638671875,1264.8951
3511,30,800,112,12,1232,61.68,16.91,759.9,208.33,4101.463664186039,3920.3879018257567,3780.884,3520.332861328125,3480.974
1124,22,512,112,4,336,,,,,2029.3269433655867,1428.0807058566202,1175.9165333333337,1316.8891357421876,1225.3629
81,15,128,112,6,560,4.25,13.91,23.8,77.9,-500.2610248291419,-31.4916628891076,89.362,81.21686172485352,112.74398
853,18,600,112,3,224,86.48,16.01,193.72,35.86,2027.6269057309155,1591.8146606997357,899.164,1143.59921875,877.9287
255,14,400,112,16,1680,8.58,14.08,144.14,236.54,530.0783029393399,114.71085111687626,258.062,279.6896697998047,251.81206
876,17,512,112,3,224,60.84,15.89,136.28,35.59,1516.7831363233681,963.6835903254134,862.324,734.13779296875,718.0237
136,10,400,112,4,336,23.14,13.65,77.75,45.86,253.8843199901155,203.52604047014063,137.042,146.27662811279296,124.05432
15,8,200,112,2,112,28.08,13.49,31.45,15.11,-854.6152987933158,-145.1633277786358,40.10533333333333,24.656339645385742,-2.3127518
693,15,600,112,3,224,88.63,17.04,198.53,38.17,1712.930564576055,1010.6776352720283,700.388,688.5573852539062,725.43036
267,18,400,112,5,448,54.24,14.27,243.0,63.93,1081.1244681871947,314.13929925762733,264.26,235.88829879760743,238.38802
192,14,400,112,4,336,26.74,14.67,89.85,49.29,673.4794415299295,259.4361014494717,189.556,192.65323791503906,187.29373
706,14,600,112,16,1680,9.95,14.09,167.16,236.71,1452.6805507179627,496.2025295028559,700.3,702.1374450683594,724.18567
1566,8,1000,112,8,784,7.68,14.7,60.21,115.25,2764.0931230258793,1612.7040388235116,1678.0353333333333,1602.32314453125,1567.2744
4351,12,1200,112,5,448,30.46,16.29,136.46,72.98,4142.140776991964,3861.922863470497,4324.32,4377.54482421875,4353.6406
441,10,600,112,6,560,16.5,13.76,92.4,77.06,1152.5863780036398,536.7796006871329,447.0966666666667,524.3645263671875,432.36823
41,15,200,112,3,224,42.42,14.58,95.02,32.66,-132.27393098119,56.89724014204296,46.088,25.682120513916015,48.788906
1072,10,800,112,16,1680,5.6,13.94,94.08,234.19,1955.6876769567712,1304.4480324490423,1068.192,1014.0151611328125,1099.0903
341,22,400,112,8,784,46.51,14.8,364.64,116.03,1464.8693050793615,182.77919287318105,367.0533333333334,197.70760650634764,341.03168
4347,12,1200,112,6,560,24.37,16.33,136.47,91.45,4130.190682109414,3809.835215281445,4297.729199999999,4356.710595703125,4356.2046
2712,8,1200,112,8,784,7.89,14.89,61.86,116.74,3686.695370804502,2539.2538637352272,2897.238,2983.265869140625,2719.8743
265,10,512,112,2,112,77.59,16.42,86.9,18.39,794.4417685112425,248.49437323288055,268.634,382.29022521972655,375.5171
11611,30,1200,112,12,1232,65.67,19.98,809.05,246.15,5946.6681597432835,13110.840833156173,10741.6,11473.359765625,11254.922
805,8,800,112,8,784,7.51,14.53,58.88,113.92,1841.490875247257,1125.9747838302333,854.178,671.3800018310546,829.39075
75,20,128,112,12,1232,5.64,14.11,69.48,173.84,-47.467692199669045,574.22545626153,149.76083333333338,175.16852264404298,263.2004
1316,12,800,112,16,1680,7.82,14.2,131.38,238.56,2165.485237726678,1225.7847399831558,1322.16,1295.8164306640624,1295.0105
183,12,400,112,6,560,18.09,14.32,101.3,80.19,439.78169099492425,269.7155381357341,195.488,266.7888580322266,220.37639
25,8,200,112,4,336,11.53,13.25,38.74,44.52,-878.5154885584141,8.995033269310056,28.64933333333333,22.269841194152832,23.480534
345,12,512,112,4,336,35.8,14.34,120.29,48.18,980.3391395160512,362.8524928933747,350.62078571428566,368.5414733886719,351.95624
4592,48,600,112,12,1232,79.93,17.23,984.74,212.27,5067.0394633365795,5885.545634132246,5282.252,5119.1982421875,4989.231
42,19,128,112,2,112,49.96,15.44,55.96,17.29,-32.86552375913129,233.7789383059146,68.75,-75.18672485351563,68.40295
29,17,128,112,2,112,43.5,14.48,48.72,16.22,-242.66308452903831,133.84587937130345,46.902,41.56822910308838,49.43656
124,19,256,112,3,224,58.99,14.74,132.14,33.02,545.6498199366381,312.8025570246897,122.542,119.38339080810547,163.01929
16,12,128,112,3,224,13.08,13.73,29.3,30.76,-779.1070813363551,-122.1788304150192,21.388,2.0361505508422852,14.716128
131,20,256,112,4,336,45.45,14.89,152.71,50.03,638.5985054390426,179.42311950288314,134.388,115.89469604492187,176.80173
5497,15,1200,112,5,448,47.47,18.3,212.67,81.98,4456.837118146825,5704.374031029006,5343.296,5538.0794921875,5565.532
552,12,600,112,4,336,11.11,14.02,37.33,47.11,1386.284128538645,521.9944668896765,548.0597857142857,509.4621215820313,556.0506
487,20,400,112,3,224,49.09,15.47,109.96,34.65,1314.8222187222,869.9210010268243,491.384,522.0259887695313,464.01178
431,32,200,112,2,112,83.38,15.26,93.39,17.09,1662.9554304455694,1399.6663502770439,637.488,442.5588005065918,408.59268
91,15,256,112,3,224,40.89,15.31,91.59,34.29,126.05469839682405,139.06028601054697,83.136,32.69967536926269,89.15228
37,14,200,112,4,336,17.37,14.27,58.36,47.95,-249.12280624869277,-0.9996929797204075,39.127,16.172087097167967,32.567326
11379,64,600,112,12,1232,76.14,17.19,938.04,211.78,6745.4199494958375,12032.032285993299,9231.506,10923.841796875,10600.746
200,36,200,112,6,560,52.18,14.76,292.21,82.66,2034.7501724551869,-158.63443917360075,372.478,183.4571975708008,274.13852
80,17,256,112,5,448,34.35,13.92,153.89,62.36,311.9520694016328,43.07147118287355,78.766,77.14132614135742,86.34706
370,13,512,112,5,448,31.09,14.37,139.28,64.38,1073.2878250184558,388.130375436745,374.21633333333335,346.29152526855466,366.9052
162,12,400,112,3,224,41.2,14.82,92.29,33.2,475.63197564257166,229.0341769106958,164.152,132.20067386627198,157.3804
9245,24,1000,112,6,560,51.81,18.4,290.14,103.04,4466.373798950234,7425.396457154856,8820.005666666668,8155.93359375,9551.484
80,22,128,112,12,1232,5.61,13.85,69.12,170.63,162.32986857023798,662.760599643704,172.16600000000003,246.63550262451173,305.40604
36,13,200,112,4,336,13.37,14.24,44.92,47.85,-354.0215866336464,-5.94536156364984,38.177,2.3267005920410155,24.209438
91,10,200,112,16,1680,2.46,13.75,41.33,231.0,-812.1190663790965,-776.1737877463745,117.136,106.96080858111381,86.80585
231,16,400,112,5,448,43.57,14.72,195.19,65.95,871.3269074172877,253.1615663192821,229.644,287.7113464355469,224.49785
26,17,128,112,3,224,31.77,14.34,71.16,32.12,-254.61317941158745,12.644735644329216,34.418,74.05526733398438,31.239395
1661,24,400,112,2,112,83.79,15.28,93.84,17.11,1746.3674351445636,1896.5902225191314,2111.718,1875.58251953125,1446.868
30,19,128,112,4,336,22.11,14.64,74.29,49.19,-56.76571352422957,-31.44176268723845,53.982,107.98615112304688,37.470474
4667,36,600,112,6,560,72.76,16.46,407.46,92.18,3879.954668012432,4884.435309088656,4342.818,4500.9818359375,4889.5444
70,15,256,112,5,448,26.8,14.11,120.06,63.21,102.15450863172578,49.047593503972166,68.73,104.11188278198242,79.95351
543,12,600,112,3,224,17.04,14.42,38.17,32.3,1398.2342234211942,566.6992575199297,559.572,559.2364013671875,542.635
31,16,128,112,5,448,12.48,14.09,55.91,63.12,-383.4121495616389,-67.64911926128605,35.988,-16.832257080078126,25.731363
3378,64,400,112,12,1232,71.34,16.13,878.91,198.72,5822.817701717215,4070.637458043684,3265.854,3417.299755859375,3734.0593
41,20,128,112,2,112,54.34,15.05,60.86,16.86,72.03325662582233,284.02401254599704,96.67,-36.260238122940066,70.22279
36,10,256,112,2,112,50.56,14.4,56.63,16.13,-386.4891086453947,-0.6294170345112207,40.186,73.19457340240479,22.637905
1420,20,128,112,6,560,0.63,14.63,3.53,81.93,24.23287709562578,-75.77095290263196,939.586,592.3077514648437,941.15216
516,30,400,112,12,1232,50.02,15.4,616.25,189.73,2256.2591686287933,597.6988653263234,573.602,511.959033203125,598.64905
1349,48,200,112,2,112,91.74,15.48,102.75,17.34,3341.3359166048263,2824.420448973696,1868.454,1470.9265625,2032.111
5057,14,1200,112,8,784,23.33,15.22,182.91,119.32,4316.088053114224,4662.455121876878,4921.094,5068.96962890625,5108.659
2931,14,1000,112,16,1680,10.81,14.48,181.61,243.26,3297.8850462752075,2481.3332711316666,2851.94,3008.58271484375,3011.0447
42,13,200,112,5,448,15.93,13.78,71.37,61.73,-365.9716815161953,13.572994316981976,45.377,71.3124439239502,34.677505
3337,16,1000,112,5,448,53.0,17.32,237.44,77.59,3639.133650753155,3690.815394387466,3358.808,3324.965771484375,3334.3267
11701,48,400,112,2,112,96.09,16.21,107.62,18.16,4263.938164383449,8454.866931399261,9168.394,9731.7193359375,10715.186
5156,24,1000,112,12,1232,42.44,17.02,522.86,209.69,4394.67322965494,5050.4111985641375,5492.518666666667,5146.4716796875,5221.79
460,16,512,112,4,336,63.62,14.94,213.76,50.2,1399.9342610558656,645.5864817652056,491.548,423.06886596679686,541.67035
