EXEC_TIME,MSIZE,BSIZE,CPUS_PER_NODE,NUM_NODES,NUM_CPUS,CPU_AVG,MEM_AVG,CPU_AVG_USED,MEM_AVG_USED,Linear Regression_FILTERED,Polynomial Regression_FILTERED,Random Forest_FILTERED,FFNN_FILTERED,XGBoost_FILTERED
221,19,256,112,2,112,68.74,15.85,76.99,17.75,483.9358114653815,621.475716733958,221.35,256.9066986083984,230.61751
5107,14,1200,112,3,224,81.58,21.39,182.74,47.91,3705.653609445397,5257.771834801528,4980.216,5111.55771484375,5091.358
76,17,200,112,8,784,12.72,14.04,99.72,110.07,59.94026294476919,27.805377717159843,98.824,65.45009517669678,82.3386
1192,22,512,112,4,336,65.49,16.01,220.05,53.79,1606.492209134109,1575.4454943175342,1194.6870095238096,1186.6509765625,1205.7896
2516,12,1000,112,16,1680,7.98,14.35,134.06,241.08,2637.9050089653874,2362.57898590451,2576.468,2549.998876953125,2547.0552
66,15,256,112,4,336,37.65,14.21,126.5,47.75,203.0801635840337,141.72512875779472,66.53,68.01144618988037,76.94334
29,18,128,112,4,336,19.63,14.4,65.96,48.38,-89.6337229899143,-38.146666368515525,35.758,16.116991424560545,18.993309
151,22,256,112,4,336,52.23,14.99,175.49,50.37,643.5332333390534,328.0051445505949,150.248,80.18271369934082,193.62434
110,17,256,112,12,1232,10.67,13.81,131.45,170.14,212.25118000012162,279.2953965478361,114.754,140.65089797973633,133.12663
1392,13,800,112,5,448,34.31,15.2,153.71,68.1,2108.9401632078534,1285.784427195586,1382.622,1411.8330322265624,1375.3749
791,17,600,112,3,224,72.12,16.15,161.55,36.18,1637.484111249314,1414.3491592940172,816.222,934.8235229492187,847.73376
4071,18,1000,112,8,784,35.33,15.86,276.99,124.34,3132.108929412179,3663.0040754505526,3929.002,3900.76484375,4064.0828
952,18,512,112,3,224,67.19,15.95,150.51,35.73,1369.3888304276236,1199.081258343936,908.26,822.191796875,769.89923
715,14,512,112,2,112,81.77,15.25,91.58,17.08,1132.2854517211376,717.4253984885032,695.372,759.5183715820312,781.4635
2761,22,512,112,2,112,84.47,16.82,94.61,18.84,1635.6603885840173,2380.7950985400853,2311.491333333333,2869.712548828125,2497.5103
1582,19,600,112,3,224,48.57,16.16,108.8,36.2,1763.3278454650338,1853.9201621172915,1409.562,1463.56875,1530.176
1278,12,800,112,4,336,11.55,14.43,38.81,48.48,2060.6023858249478,1109.9660405273128,1291.522,1221.0966796875,1272.0176
38,14,200,112,3,224,41.64,14.61,93.27,32.73,-55.904889754040596,95.55494905633819,39.65,102.92538681030274,29.768503
3341,16,1000,112,4,336,42.67,16.85,143.37,56.62,3064.601554096275,3767.1864568729125,3329.476,3359.917626953125,3345.0996
30,12,128,112,5,448,5.98,13.75,26.79,61.6,-481.7490153620279,-15.536277895506998,31.296,5.818186187744141,29.105198
3520,10,1200,112,8,784,12.23,15.19,95.88,119.09,3381.045692389187,3591.5222440200364,3275.101233333333,3575.668994140625,3511.9849
850,18,600,112,8,784,35.93,14.82,281.69,116.19,1627.4855297324038,813.9494021864134,834.514,884.899072265625,844.8859
46,14,200,112,5,448,24.96,12.97,111.82,58.11,-85.07306920394865,43.54833752551059,47.662,67.89892182797193,35.74983
140,22,256,112,12,1232,17.57,14.07,216.46,173.34,526.8605155394214,302.63383626342613,139.2035,176.9587829589844,117.00386
757,16,600,112,8,784,28.47,14.59,223.2,114.39,1501.641795516684,698.5061902349219,763.332,821.2581665039063,753.3262
140,32,200,112,6,560,52.4,15.23,293.44,85.29,1032.9364490125763,-310.5282615649593,224.098,-20.706327819824217,206.48994
1681,22,512,112,3,224,69.43,16.51,155.52,36.98,1621.0762988590632,1942.452886317128,1519.7717333333335,1670.125,1535.907
1005,19,512,112,3,224,73.39,16.04,164.39,35.93,1432.3106975354835,1370.9189328691455,1058.31,945.0288940429688,1122.548
1721,16,800,112,5,448,51.58,16.23,231.08,72.71,2297.7057645314335,1914.5941141691733,1701.97,1624.4650390625,1722.639
556,12,600,112,8,784,16.06,14.17,125.91,111.09,1249.9543270852441,591.7973225261294,552.68,537.6529296875,579.66327
79,13,256,112,2,112,55.17,15.01,61.79,16.81,106.40460881822185,174.06648096483076,77.588,67.3453085899353,72.25134
971,19,512,112,4,336,51.2,15.72,172.03,52.82,1417.7266078105295,1113.0380405771446,870.3013333333332,749.14814453125,898.9458
2917,14,1000,112,5,448,23.72,15.39,106.27,68.95,2924.1737301556013,2839.6711056944423,2933.228,2856.000341796875,2909.6108
40,20,128,112,5,448,17.62,13.32,78.94,59.67,21.62592150085152,-139.8051810256946,64.664,254.3826675415039,111.68026
73,18,200,112,8,784,16.72,14.0,131.08,109.76,122.86213005262914,-0.009599848622428908,120.062,94.39804267883301,93.28142
16,12,128,112,2,112,26.32,14.31,29.48,16.03,-437.99674618716585,-26.419597271329508,25.024,68.91718354225159,11.070505
76,10,200,112,12,1232,3.41,13.34,42.01,164.35,-438.84916571006625,141.93740300055853,82.37128571428573,117.76845245361328,64.45095
1513,14,800,112,8,784,22.27,14.71,174.6,115.33,2128.1097611408513,1359.5039810335347,1481.18,1481.6973876953125,1492.72
203,14,400,112,5,448,34.1,13.5,152.77,60.48,667.2386306359388,272.81660474470755,200.934,175.37655792236328,189.7823
426,15,512,112,4,336,57.28,15.15,192.46,50.9,1166.0391393790896,622.7383154396443,456.1973333333333,455.8506591796875,499.1827
2511,12,1000,112,8,784,17.05,14.44,133.67,113.21,2754.577726765019,2300.816787822962,2529.994,2497.154345703125,2497.6824
11,10,128,112,2,112,27.45,13.41,30.74,15.02,-563.8404804028858,-120.64102284431232,14.812,16.464498710632324,-4.9841332
355,13,512,112,3,224,64.24,15.18,143.9,34.0,1054.7794948883238,476.68701084367024,377.443,485.7361206054687,406.58502
590,20,512,112,5,448,73.71,15.91,330.22,71.28,1466.0643851934353,1020.9372345981042,622.7006666666666,698.5048095703125,723.5177
3108,15,1000,112,3,224,94.01,20.28,210.58,45.43,3016.263776713369,3545.7703178341203,3109.242,3095.23544921875,3158.6887
258,18,400,112,3,224,76.66,15.37,171.72,34.43,948.0942785172865,768.0031292436552,275.844,306.6371612548828,290.82806
141,10,400,112,6,560,14.82,13.5,82.99,75.6,400.967072479545,248.87279103915026,140.64983333333333,131.28818969726564,168.07718
4641,13,1200,112,3,224,70.91,20.45,158.84,45.81,3642.7317423375366,4644.927851510866,4525.686,4711.71923828125,4667.739
2915,32,600,112,6,560,81.89,17.19,458.58,96.26,2537.559848692351,3737.873241944914,3117.014,3085.759619140625,3095.2964
25,14,128,112,4,336,12.71,13.13,42.71,44.12,-341.3211914213539,-26.627590434554463,28.212,-11.894850635528565,21.745651
41,22,128,112,5,448,21.48,13.41,96.23,60.08,147.46965571657142,-195.36767486922628,91.174,243.87606048583984,139.09782
3336,16,1000,112,3,224,93.3,19.76,208.99,44.26,3079.185643821229,4024.4097961496986,3331.43,3338.7513671875,3326.5645
1545,50,200,112,2,112,91.64,14.94,102.64,16.73,2223.8664158538713,2808.6432396580813,1811.92,1742.9356201171875,1830.6277
2807,24,800,112,12,1232,39.31,15.4,484.3,189.73,2698.992073319635,2421.0135299300073,3021.99,2798.643603515625,2876.9336
7095,47,512,112,4,336,,,,,3179.5388868306077,8855.2394940788,6078.4648,7855.43125,6453.8257
6341,17,1200,112,8,784,34.08,17.17,267.19,134.61,3821.4987621442065,5891.779610717698,6064.816,6363.20595703125,6355.405
85,14,256,112,2,112,64.81,12.84,72.59,14.38,169.3264759260818,244.07884882901772,83.982,80.84396591186524,80.71501
20,10,128,112,4,336,6.92,13.11,23.25,44.05,-593.0086598527937,-54.98249071235006,21.65,35.82323989868164,17.689232
277,48,200,112,12,1232,43.43,15.36,535.06,189.24,1952.1817843886115,-27.50364275219215,358.44,255.7424560546875,175.4043
70,17,128,112,12,1232,5.84,13.87,71.95,170.88,-269.22830789740624,295.6248793369887,81.631,68.89787359237671,67.96421
236,17,400,112,3,224,79.54,15.88,178.17,35.57,885.1724114094266,661.6587968052008,247.432,246.96270751953125,268.2858
350,12,512,112,4,336,,,,,977.2735380555098,347.1620262642605,350.91211904761883,401.6460815429688,341.1535
642,14,600,112,4,336,29.72,15.08,99.86,50.67,1434.1344202007801,750.1424833755057,634.404,562.2130065917969,637.69464
4383,12,1200,112,16,1680,8.1,14.59,136.08,245.11,3390.2167088052747,4281.101436138844,4193.354,4281.71181640625,4404.5786
1061,22,600,112,6,560,72.99,15.9,408.74,89.04,1908.3411776137516,1566.5586708903566,1151.4553333333336,989.4648681640625,1237.0375
16,10,128,112,3,224,10.1,13.43,22.62,30.08,-578.4245701278398,-92.88223113743436,20.11,10.527537536621093,9.621555
556,22,400,112,4,336,62.32,14.87,209.4,49.96,1185.1976572237722,942.9415454783365,565.3744190476191,469.01478881835936,490.4267
2016,10,1000,112,8,784,12.01,14.98,94.16,117.44,2628.7339925492993,2021.4778612211708,2027.8855666666664,2058.7627197265624,2005.8691
200,22,256,112,3,224,59.73,15.38,133.8,34.45,658.1173230640073,565.9167158703136,221.166,149.17499542236328,237.0406
41,22,128,112,3,224,37.17,14.45,83.26,32.37,176.63783516647948,87.81009856254511,112.22,-162.808447265625,80.41665
1843,17,800,112,5,448,57.88,16.45,259.3,73.7,2360.627631639293,2158.0128457248293,1788.96,1744.8598876953124,1836.4656
79,10,128,112,12,1232,1.09,13.33,13.43,164.23,-709.6813776524259,23.046068079992324,83.73388571428573,58.02204332351685,51.852783
3623,17,1000,112,4,336,51.01,17.21,171.39,57.83,3127.523421204135,4211.197379499996,3522.56,3682.295654296875,3579.9272
81,18,256,112,5,448,40.84,14.71,182.96,65.9,377.2616751826596,116.77999428330276,78.582,77.42422690391541,81.78357
75,20,200,112,8,784,20.36,14.11,159.62,110.62,248.705864268349,-58.85487705719555,135.22733333333332,216.40255889892578,102.95674
540,17,512,112,12,1232,18.58,14.22,228.91,175.19,1175.2101557951776,481.50715669146996,521.128,474.6537109375,559.79346
526,18,512,112,5,448,60.33,15.68,270.28,70.25,1340.2206509777156,802.4879002209889,515.928,536.3606750488282,571.4601
2026,10,1000,112,16,1680,5.72,14.07,96.1,236.38,2512.061274749667,2341.4961856622353,2040.4846666666665,2005.9259033203125,2046.2605
1492,14,800,112,4,336,30.43,15.56,102.24,52.28,2186.4461200406677,1564.872273506141,1500.308,1463.6576904296876,1496.8223
180,36,200,112,12,1232,29.03,15.15,357.65,186.65,1197.119379094292,200.50573403101058,216.432,-47.80679473876953,232.22408
239,12,400,112,16,1680,6.0,13.91,100.8,233.69,380.96990944572485,93.91522965734453,237.588,289.81231384277345,236.78854
25,13,128,112,4,336,9.38,13.55,31.52,45.53,-404.24305852921384,-29.797119147756575,27.27,-18.657277393341065,22.914694
115,8,400,112,6,560,8.58,13.46,48.05,75.38,275.1233382638251,273.296778600425,125.792,-12.714091491699218,135.98857
4731,13,1200,112,5,448,35.54,16.79,159.22,75.22,3613.5635628876284,4477.890986310032,4611.592,4728.10166015625,4701.903
1827,17,800,112,3,224,75.24,17.37,168.54,38.91,2389.7958110892014,2638.4602991752063,1822.83,2114.627978515625,1890.6143
41,22,128,112,4,336,28.27,14.25,94.99,47.88,162.0537454415254,-84.90583470253279,70.962,-3.5107723236083985,99.37815
2991,13,1000,112,16,1680,8.54,14.11,143.47,237.05,2700.826876073247,2402.735779305002,2872.92,2851.69111328125,2830.538
1901,19,512,112,2,112,79.75,17.03,89.32,19.07,1446.8947872604374,1685.8766852926656,1642.124,1779.7273193359374,1773.168
56,13,200,112,8,784,8.04,13.43,63.03,105.29,-191.74720548667062,126.65811091724498,74.914,38.597459173202516,67.46814
265,17,400,112,8,784,27.52,14.61,215.76,114.54,812.2519627846566,247.21622625935646,260.93,256.0993133544922,266.76767
5668,15,1200,112,4,336,62.15,19.67,208.82,66.09,3753.9913868283024,5667.480275140607,5444.85,5368.7470703125,5609.848
2010,10,1000,112,6,560,17.31,14.42,96.94,80.75,2657.902171999207,1793.0868386095467,1982.5909333333336,2086.6915283203125,1987.9402
52,18,200,112,3,224,38.99,14.38,87.34,32.21,195.78257867739921,218.9367711275237,57.442,87.52023526728154,50.072243
16,13,128,112,2,112,30.8,14.42,34.5,16.15,-375.0748790793059,17.44057781764218,22.846,66.43725185394287,13.574656
55,8,128,112,6,560,1.55,13.55,8.68,75.88,-748.0205735184218,35.75948794322272,53.522666666666666,-20.882766342163087,63.306664
698,15,600,112,5,448,24.55,14.94,109.98,66.93,1482.472197583686,792.8931648827499,694.648,685.5347778320313,703.6273
3303,15,1000,112,4,336,33.61,16.28,112.93,54.7,3001.679686988415,3346.1971346882897,3245.87,3089.09560546875,3199.6858
1301,17,512,112,2,112,82.27,16.51,92.14,18.49,1321.0510530447177,1270.3962824525593,1250.034,1299.609716796875,1260.316
2051,10,1000,112,12,1232,7.92,13.81,97.57,170.14,2570.3976336494834,2378.8953124379564,2058.1126666666664,1965.7235107421875,2034.5486
51,18,200,112,5,448,31.0,13.55,138.88,60.7,166.61439922749116,18.961425243078224,53.802,70.14801864624023,41.597363
21,14,128,112,2,112,29.47,14.28,33.01,15.99,-312.15301197144595,59.23026702101134,25.858,60.871995544433595,16.639181
346,12,512,112,5,448,26.37,14.54,118.14,65.14,962.6894483305558,354.153487798337,356.78933333333333,391.6959655761719,339.50122
55,12,200,112,8,784,5.89,13.9,46.18,108.98,-254.66907259453058,147.90747777871616,77.544,31.110079956054687,68.4102
597,13,600,112,5,448,33.26,14.65,149.0,65.63,1356.628463367966,592.1848930190787,587.702,627.7947509765625,584.6719
471,16,512,112,5,448,47.39,15.21,212.31,68.14,1214.3769167619957,618.9269879462977,481.374,494.6788757324219,519.1232
551,12,600,112,5,448,28.43,14.5,127.37,64.96,1293.7065962601064,508.2473329477707,540.938,595.9294555664062,555.4083
1897,17,800,112,4,336,48.0,16.03,161.28,53.86,2375.2117213642478,2375.349382065137,1851.004,1886.83203125,1891.2838
3699,19,800,112,3,224,49.9,17.12,111.78,38.35,2515.6395453049213,3363.119722677104,3178.876,3157.541796875,3427.925
792,64,200,112,6,560,74.9,15.54,419.44,87.02,3046.436196464095,-351.981179501606,791.722,608.3188537597656,831.36414
4691,13,1200,112,4,336,31.74,16.96,106.65,56.99,3628.1476526125825,4545.859810702536,4587.954,4708.92412109375,4718.69
106,8,400,112,4,336,13.89,13.49,46.67,45.33,304.2915177137331,67.88146697301218,117.276,69.12555847167968,100.18074
56,12,256,112,5,448,14.65,14.08,65.63,63.08,-0.2695274645001291,98.12990108840995,59.428,161.42881622314454,74.268875
4781,13,1200,112,16,1680,9.44,14.86,158.59,249.65,3453.1385759131344,4376.035149098198,4464.848,4617.69208984375,4781.925
15,8,128,112,3,224,8.02,12.86,17.96,28.81,-704.2683043435597,-155.10482889326147,19.066,26.52433853149414,9.6166
145,32,200,112,12,1232,25.92,14.76,319.33,181.84,945.4319106628523,257.70455090945455,179.622,29.878461231291293,126.27549
2081,19,800,112,8,784,41.08,15.67,322.07,122.85,2442.7190966801513,2060.7510855702367,2126.494,2123.7915771484377,2195.6042
271,10,512,112,4,336,25.63,14.28,86.12,47.98,851.42980383979,206.23867395170444,274.4281666666667,329.13567810058595,246.4401
66,18,128,112,12,1232,4.29,13.85,52.85,170.63,-206.3064407895463,316.9811602068134,76.929,73.70658950805664,68.83948
404,14,512,112,3,224,72.18,15.41,161.68,34.52,1117.7013619961838,603.1679917754785,432.442,516.4955932617188,465.17218
65,8,200,112,12,1232,1.52,13.88,18.73,171.0,-564.6928999257862,79.08034384352564,68.7846857142857,65.53514099121094,53.982983
1256,12,800,112,3,224,17.62,14.74,39.47,33.02,2075.186475549902,1132.1878423509884,1294.54,1229.5186279296875,1247.1584
265,10,512,112,3,224,38.89,14.57,87.11,32.64,866.013893564744,150.07920280005533,248.097,348.01368408203126,279.30072
56,22,128,112,2,112,55.63,14.81,62.31,16.59,191.22192489143345,327.6988209132055,116.268,-102.3414077758789,86.96853
246,14,400,112,8,784,16.1,14.24,126.22,111.64,623.4863614610767,270.239412674423,240.008,193.820157623291,225.11482
52,15,200,112,5,448,14.0,14.28,62.72,63.97,-22.151202096088696,38.18729359171067,53.896,45.52067461013794,39.500805
117,17,128,112,6,560,3.79,14.15,21.22,79.24,-181.7237695476822,-82.50141382075401,118.906,164.14208374023437,133.26376
1912,50,400,112,12,1232,60.67,15.87,747.45,195.52,2830.3372184442187,2810.2595405632374,1786.082,1753.3635009765626,1855.5182
127,19,256,112,12,1232,13.44,13.91,165.58,171.37,338.09491421584147,289.7055444354261,125.49266666666666,104.34757995605469,101.428375
2446,22,800,112,8,784,54.47,15.31,427.04,120.03,2631.484698003731,2678.1061662036827,2369.204,2382.757421875,2401.5962
346,8,600,112,6,560,10.52,13.04,58.91,73.02,1027.4350381037125,413.0774979443571,371.37,305.7584686279297,344.38675
818,15,600,112,8,784,25.25,14.49,197.96,113.6,1438.7199284088242,656.4153854352867,764.232,755.4496948242188,728.22156
166,8,400,112,16,1680,2.98,13.89,50.06,233.35,129.28244101428504,-156.95845613552717,207.216,237.69318389892578,154.87431
2017,10,1000,112,6,560,17.35,14.66,97.16,82.1,2657.902171999207,1793.0868386095467,1982.5909333333339,2086.6915283203125,1987.9402
2647,13,1000,112,3,224,70.05,18.74,156.91,41.98,2890.4200424976493,2658.0076078853963,2668.426,2643.587158203125,2692.139
126,8,400,112,8,784,5.53,13.98,43.36,109.6,245.95515881391708,434.0227278997481,134.294,161.5248260498047,134.44661
130,20,256,112,12,1232,14.59,14.24,179.75,175.44,401.0167813237014,294.3008279439862,128.53140476190475,128.93102569580077,119.74551
791,8,800,112,6,560,11.1,13.68,62.16,76.61,1779.7467379435998,738.7044586577304,851.4013333333334,805.38779296875,807.05286
1491,14,800,112,3,224,78.96,17.8,176.87,39.87,2201.0302097656213,1682.7086583510886,1473.164,1521.671484375,1475.9352
2035,20,512,112,2,112,85.79,16.27,96.08,18.22,1509.8166543682973,1907.884044075613,1830.65,2054.6879150390623,1975.4938
1651,15,800,112,8,784,26.12,14.94,204.78,117.13,2191.0316282487115,1467.3234863169077,1591.818,1609.09912109375,1636.8739
26,15,128,112,2,112,35.71,14.45,40.0,16.18,-249.2311448635861,99.02187477333553,52.384,15.97756118774414,37.97224
453,19,400,112,3,224,46.94,15.64,105.15,35.03,1011.0161456251465,880.3052165064917,421.616,366.1695556640625,434.54352
4711,13,1200,112,8,784,20.21,15.62,158.45,122.46,3569.8112937127667,4411.392851755475,4539.366,4740.47822265625,4720.039
5831,16,1200,112,5,448,53.72,18.56,240.67,83.15,3802.329164211208,6017.8097311853735,5593.508,5814.2453125,5836.4824
26,15,128,112,4,336,13.21,13.82,44.39,46.44,-278.39932431349416,-25.95018523458714,30.704,11.254245376586914,24.345676
38,12,200,112,4,336,17.8,13.36,59.81,44.89,-196.33271369471458,35.0039087271071,38.4445,31.196507072448732,33.982494
3540,10,1200,112,16,1680,5.76,14.23,96.77,239.06,3264.372974589555,4167.920472297133,3223.136,3567.471728515625,3535.1724
70,10,200,112,12,1232,3.5,13.32,43.12,164.1,-438.84916571006625,141.93740300055853,82.37128571428573,117.76845245361328,64.45095
293,19,400,112,8,784,35.04,14.44,274.71,113.21,938.0956970003765,254.99798743012985,297.258,289.2124755859375,249.92842
21,14,128,112,3,224,20.05,14.39,44.91,32.23,-326.73710169640003,1.7255572062293254,25.1,77.26696548461913,18.043722
656,14,600,112,5,448,38.28,14.93,171.49,66.89,1419.5503304758263,687.0427021858859,643.554,658.0024536132812,635.9476
2690,30,600,112,6,560,72.34,16.64,405.1,93.18,2411.7161144766314,3209.5359710718303,2946.644,2625.511767578125,3043.168
96,20,200,112,12,1232,10.45,13.8,128.74,170.02,190.36950536853305,308.0137020331039,104.01885714285712,80.74242851734161,90.03667
1066,20,512,112,4,336,54.86,15.8,184.33,53.09,1480.6484749183892,1258.0357882532721,981.9989523809525,881.1148071289062,979.1048
176,13,400,112,3,224,60.12,15.38,134.67,34.45,633.4849429779869,294.4109266040483,177.386,199.59109802246093,166.77287
1522,14,800,112,5,448,39.17,15.6,175.48,69.89,2171.8620303157136,1478.5523093391093,1498.042,1483.93564453125,1488.3994
30,20,128,112,3,224,37.11,14.16,83.13,31.72,50.79410095075957,77.73225394868629,58.25,-20.879178619384767,80.58323
509,16,512,112,12,1232,16.56,13.88,204.02,171.0,1112.2882886873176,475.4205938085251,515.336,445.8134826660156,530.0912
236,15,400,112,8,784,21.92,14.13,171.85,110.78,686.4082285689367,258.035446025981,234.742,214.1363311767578,245.77576
1316,12,800,112,8,784,16.41,14.76,128.65,115.72,2002.2660269251317,1192.0030128608362,1296.226,1336.976123046875,1281.9272
1360,36,400,112,6,560,68.68,16.15,384.61,90.44,2036.9356172839034,1830.2367428619727,1333.486,1276.8330322265624,1268.418
47,17,200,112,4,336,26.1,13.98,87.7,46.97,118.27662184458518,87.30687905882559,49.018,16.05861542224884,40.642113
15,8,128,112,4,336,5.71,13.2,19.19,44.35,-718.8523940685136,-85.56077062181294,19.944,5.293772506713867,15.690867
5629,15,1200,112,8,784,26.95,16.11,211.29,126.3,3695.6550279284866,5096.02689045735,5403.882,5547.3953125,5603.6655
60,14,256,112,4,336,31.07,14.18,104.4,47.64,140.15829647617375,120.90956686761251,57.974,60.54469814300537,67.04729
1556,8,1000,112,6,560,11.02,13.91,61.71,77.9,2532.0584377834875,1442.5033402306085,1583.0103666666669,1633.473388671875,1557.8643
11,8,128,112,2,112,15.1,13.94,16.91,15.61,-689.6842146186057,-224.0132451743999,14.066,19.432810974121093,-17.452663
81,18,256,112,4,336,50.22,14.93,168.74,50.16,391.8457649076136,212.28638235791985,85.262,44.53659439086914,81.481544
3573,17,1000,112,3,224,76.66,18.89,171.72,42.31,3142.107510929089,4526.317895938831,3506.014,3633.24228515625,3540.2175
1671,22,128,112,6,560,1.08,14.96,6.05,83.78,132.88556599161745,-248.49411792473336,1258.678,763.8465454101563,1116.4117
806,17,600,112,4,336,48.33,15.47,162.39,51.98,1622.90002152436,1204.3020858400325,787.648,761.2129150390625,811.7692
41,10,256,112,3,224,22.95,13.77,51.41,30.84,-96.94508223031187,5.686315410502118,40.432,29.773753356933593,38.746582
517,64,200,112,12,1232,54.15,15.09,667.13,185.91,2958.9316581143707,-290.1479771713547,578.39,613.7649047851562,576.42346
248,17,400,112,4,336,67.44,15.38,226.6,51.68,870.5883216844726,505.7298113346165,238.636,208.93623962402344,238.8793
26,13,128,112,5,448,6.68,13.91,29.93,62.32,-418.8271482541679,-21.736300402578593,31.74,18.080514430999756,27.63967
1397,13,800,112,8,784,19.33,14.71,151.55,115.33,2065.1878940329916,1267.75462469303,1372.07,1405.317822265625,1382.7256
231,20,256,112,2,112,76.38,15.73,85.55,17.62,546.8576785732414,702.928927073652,243.142,346.1322875976563,208.40291
971,36,400,112,12,1232,44.83,15.91,552.31,196.01,1949.4310789341794,1106.984013978271,925.152,979.024169921875,890.71985
172,12,400,112,4,336,33.39,13.94,112.19,46.84,555.9789861451729,209.47631115913003,171.8505,181.16436614990235,167.055
741,16,600,112,4,336,40.43,15.37,135.84,51.64,1559.9781544165,1041.555203066442,719.386,625.1864868164063,751.87256
6301,30,800,112,6,560,74.58,17.56,417.65,98.34,3164.0278143165187,6190.27325157379,5376.126,6537.22685546875,6118.844
4671,22,1000,112,6,560,78.97,18.99,442.23,106.34,3412.9645772935264,5772.684139484893,4614.921666666666,5892.996875,4899.786
95,24,200,112,5,448,40.11,15.21,179.69,68.14,544.1456018746509,-27.116226806530335,239.316,42.6875205039978,21.134153
30,18,128,112,2,112,48.08,15.65,53.85,17.53,-60.46554354000625,207.1322536696171,49.25,79.12453231811523,56.517773
120,18,256,112,12,1232,12.22,13.61,150.55,167.68,275.1730471079816,284.7278687815618,117.961,129.2930877685547,138.06302
346,12,256,112,6,560,2.57,13.87,14.39,77.67,-14.853617189454098,124.5547089164294,240.09166666666667,189.3393112182617,132.20097
116,18,256,112,3,224,55.18,14.91,123.6,33.4,406.4298546325676,352.4235937877229,109.5,97.80483169555664,103.181984
76,17,256,112,4,336,45.52,13.96,152.95,46.91,328.92389779975366,187.3411320683906,76.814,56.33146736621857,86.28267
366,30,200,112,2,112,79.95,15.29,89.54,17.12,965.4290736966725,1123.1376598607587,795.358,111.22190551757812,488.02686
75,19,128,112,12,1232,3.79,13.8,46.69,170.02,-143.38457368168645,334.1587670528743,90.22566666666667,64.68129653930664,53.60808
4393,12,1200,112,4,336,40.27,17.12,135.31,57.52,3565.225785504723,4028.020199168104,4342.788,4425.7583984375,4377.008
245,13,400,112,16,1680,7.32,13.97,122.98,234.7,443.8917765535848,162.23277705116982,283.98,316.133837890625,248.57712
651,13,512,112,2,112,70.61,16.27,79.08,18.22,1069.363584613278,551.5454115078808,627.388,600.75380859375,669.89087
206,8,512,112,4,336,16.36,13.34,54.97,44.82,725.5860696240701,98.87488596010212,231.4346666666667,204.09179229736327,170.95316
96,8,400,112,2,112,42.41,14.18,47.5,15.88,333.4596971636411,-142.87363908490676,261.992,86.27687454223633,119.03825
111,17,256,112,3,224,49.55,14.89,110.99,33.35,343.50798752470763,303.65230610345213,105.798,83.07563247680665,106.96218
86,22,200,112,8,784,21.82,14.39,171.07,112.82,374.5495984840689,-121.50455413806111,153.248,340.1426147460937,80.043434
70,16,256,112,4,336,40.6,13.82,136.42,46.44,266.0020306918937,163.8448490132015,69.794,71.4243377685547,78.96179
4426,22,800,112,4,336,68.72,17.75,230.9,59.64,2689.8210569035473,4072.618882875999,3755.3522666666668,4719.22958984375,3987.9087
4973,36,400,112,2,112,93.79,16.41,105.04,18.38,2095.2719761837197,4684.861687792245,4506.072,5394.36640625,5102.3613
76,16,256,112,5,448,28.81,14.49,129.07,64.92,251.41794096693968,106.23820796907648,73.132,52.49110879898071,80.31416
61,14,200,112,8,784,8.7,13.98,68.21,109.6,-128.82533837881067,103.950813045796,87.498,45.97541341781616,67.1602
4343,12,1200,112,3,224,60.58,18.8,135.7,42.11,3579.809875229677,4060.9538348961814,4215.316,4398.720703125,4330.396
247,16,400,112,8,784,24.6,14.24,192.86,111.64,749.3300956767966,250.33691574277287,253.236,239.4121856689453,254.39462
31,18,128,112,3,224,27.22,14.14,60.97,31.67,-75.04963326496022,60.41170583565571,36.19,62.784908866882326,24.494236
1540,14,800,112,16,1680,10.48,14.25,176.06,239.4,2011.4370433412196,1202.3694159056404,1460.556,1590.184423828125,1534.7129
16,13,128,112,3,224,17.26,13.73,38.66,30.76,-389.65896880426,-18.37772507008225,20.998,77.15615005493164,16.925243
71,12,256,112,2,112,51.15,15.14,57.29,16.96,43.48274171036189,105.70750465894258,71.932,47.39975280761719,68.99556
1206,16,512,112,2,112,74.51,16.43,83.45,18.4,1258.1291859368575,1076.7784295262845,1129.714,1104.97861328125,1174.8359
5502,15,1200,112,3,224,52.59,18.62,117.8,41.71,3768.5754765532565,5899.558189202725,5370.498,5605.00869140625,5556.5317
1597,15,800,112,3,224,50.57,16.12,113.28,36.11,2263.9520768734815,1983.8907452813746,1579.946,1677.510791015625,1633.814
50,10,200,112,8,784,3.61,14.22,28.3,111.48,-380.51280681025037,185.74280073349365,64.0256,83.5586166381836,53.17495
711,15,600,112,4,336,32.47,15.05,109.1,50.57,1497.05628730864,890.1928037231189,690.612,579.8349304199219,716.6405
66,14,256,112,5,448,21.39,13.96,95.83,62.54,125.57420675121978,100.21458872959974,63.192,92.32465515136718,71.352005
1377,13,800,112,4,336,30.71,15.55,103.19,52.25,2123.524252932808,1328.9262427003814,1379.464,1339.492529296875,1372.5979
852,17,600,112,8,784,30.44,14.34,238.65,112.43,1564.5636626245441,750.9933943404449,823.526,876.7480224609375,797.04333
1431,13,800,112,16,1680,9.1,14.48,152.88,243.26,1948.5151762333596,1170.8860470261397,1434.108,1441.424853515625,1438.2383
35,8,256,112,3,224,13.25,13.4,29.68,30.02,-222.78881644603177,-67.65834325734272,35.76,55.08996353149414,30.921825
748,16,600,112,5,448,50.15,15.35,224.67,68.77,1545.3940646915462,909.808685544229,729.23,691.1225708007812,734.8429
5951,24,600,112,2,112,85.6,16.31,95.87,18.27,2092.5212707292876,3736.3507672848887,6664.76,6403.07763671875,6805.324
186,12,400,112,8,784,13.31,13.94,104.35,109.29,497.6426272453569,307.8740373287773,192.23,150.84253273010253,207.61807
58,17,200,112,5,448,24.77,14.12,110.97,63.26,103.69253211963121,25.82143301593669,59.374,68.35690612792969,45.05122
201,8,512,112,2,112,49.73,14.36,55.7,16.08,754.754249073978,-142.78541539486065,253.026,175.78723831176757,283.7887
1201,24,600,112,12,1232,38.62,14.75,475.8,181.72,1946.6803734797477,1077.9993115709626,1411.172,1277.2236083984376,1095.2078
3145,64,200,112,2,112,94.04,15.28,105.32,17.11,3104.7725553639107,4597.384537411708,2668.216,4559.342431640625,2798.7263
1881,22,600,112,4,336,67.19,16.66,225.76,55.98,1937.5093570636598,2191.337906371523,1622.2461333333335,1912.1431640625,1734.941
56,13,256,112,4,336,25.19,13.95,84.64,46.87,77.2364293683138,101.32575890809704,54.562,39.029001998901364,66.24526
195,10,400,112,16,1680,4.71,13.76,79.13,231.17,255.12617523000495,-35.85610512646167,198.227,231.6580383300781,193.4108
151,22,256,112,5,448,40.07,14.19,179.51,63.57,628.9491436140993,153.73501004185408,133.516,262.62587585449216,67.12649
2256,20,800,112,8,784,44.24,15.6,346.84,122.3,2505.6409637880115,2250.0074020863176,2248.446,2245.25390625,2386.3335
4297,20,1000,112,12,1232,29.56,15.12,364.18,186.28,3199.6163047280825,3585.762293415657,4153.989333333334,4334.98466796875,4202.5596
1282,12,800,112,6,560,23.3,14.46,130.48,80.98,2031.4342063750396,1126.6370827428254,1244.654,1310.733251953125,1262.3597
5197,14,1200,112,4,336,53.8,18.8,180.77,63.17,3691.0695197204427,5092.322367881852,5090.664,5016.4734375,5139.4624
721,15,512,112,3,224,50.61,15.84,113.37,35.48,1180.6232291040437,738.5755025568515,665.51,589.1032409667969,595.7268
596,12,512,112,2,112,61.19,16.1,68.53,18.03,1006.4417175054178,394.7665709733602,567.909,513.9635864257813,613.16656
76,22,200,112,6,560,33.14,14.08,185.58,78.85,403.7177779339769,-99.5943806404876,275.32,618.4281127929687,184.0119
1563,40,400,112,6,560,82.42,16.21,461.55,90.78,2288.623085715343,2432.863846663707,1739.362,1824.2873046875,1773.4246
2468,12,1000,112,5,448,30.22,15.6,135.39,69.89,2798.3299959398814,2216.708724005014,2530.47,2433.384912109375,2483.8306
47,10,200,112,6,560,6.5,13.46,36.4,75.38,-351.34462736034243,105.93781337447123,46.02880000000002,60.37072525024414,56.25625
645,12,600,112,16,1680,7.26,14.04,121.97,235.87,1133.2816092856121,461.3115621538235,631.46,565.1608825683594,623.23425
40,10,200,112,6,560,11.11,13.22,62.22,74.03,-351.34462736034243,105.93781337447123,46.02880000000001,60.37072525024414,56.25625
6791,18,1200,112,8,784,37.77,17.39,296.12,136.34,3884.420629252066,6331.506487518694,6523.296,6767.94638671875,6774.0225
91,20,256,112,5,448,48.16,13.81,215.76,61.87,503.10540939837944,132.41918314874113,97.0,231.2668441772461,79.83401
3672,32,400,112,2,112,89.69,16.14,100.45,18.08,1843.5845077522797,3671.8696104968294,3802.12,4141.106689453125,4121.538
496,17,512,112,5,448,53.5,15.49,239.68,69.4,1277.2987838698555,706.3825935381192,511.092,497.69189453125,550.55457
358,8,600,112,8,784,7.09,14.09,55.59,110.47,998.2668586538045,646.7969598998404,375.824,163.44434661865233,360.46844
1085,20,512,112,3,224,80.85,16.16,181.1,36.2,1495.2325646433433,1552.0451594167093,1143.378,1169.3928344726562,1206.6458
181,13,400,112,4,336,26.47,14.64,88.94,49.19,618.9008532530329,257.88477908411556,182.784,163.0283432006836,169.68423
30,10,128,112,6,560,4.36,13.43,24.42,75.21,-622.1768393027019,31.56505234364522,37.04126666666668,18.158150959014893,70.73357
201,13,400,112,8,784,15.72,14.06,123.24,110.23,560.5644943532168,286.876411253541,201.46,164.73043556213378,210.89568
397,8,600,112,16,1680,3.53,13.83,59.3,232.34,881.5941408541725,434.49880852630383,424.508,383.5731506347656,395.41156
27,12,200,112,3,224,24.66,14.11,55.24,31.61,-181.7486239697605,33.25112723930539,32.674,27.958225822448732,30.029562
3107,50,400,112,6,560,81.15,16.31,454.44,91.34,2917.8417567939427,4426.239477401983,2707.534,3299.711962890625,3030.5151
504,10,600,112,16,1680,5.33,13.84,89.54,232.51,1007.4378750698924,431.93357644050127,480.882,417.3296142578125,511.5501
6868,40,400,112,2,112,93.57,16.78,104.8,18.79,2346.9594446151596,5817.982655927947,5856.564,6896.4349609375,7021.3022
416,50,200,112,6,560,68.12,15.44,381.47,86.46,2165.5300569540555,-537.7810493858781,554.274,259.44698333740234,497.9362
1111,40,400,112,12,1232,52.98,15.9,652.71,195.89,2201.118547365619,1484.1887249528158,1170.8,1277.4721435546876,1145.7444
276,10,512,112,5,448,19.18,14.3,85.93,64.06,836.845714114836,271.78242897214244,263.96,306.35479736328125,248.1812
546,32,400,112,12,1232,57.58,15.33,709.39,188.87,1697.7436105027396,810.3848288688168,634.694,616.1039367675781,433.6211
216,8,512,112,5,448,11.97,14.08,53.63,63.08,711.0019798991161,221.98285034252171,223.772,151.84125671386718,172.77971
1761,16,800,112,4,336,40.63,15.99,136.52,53.73,2312.2898542563876,2088.0114387539606,1737.768,1727.2923095703125,1756.0303
51,13,256,112,3,224,43.61,14.48,97.69,32.44,91.82051909326788,124.80299367514198,51.31,28.287814712524415,63.608276
36,8,200,112,6,560,3.25,12.65,18.2,70.84,-477.18836157606233,127.03662113586972,48.87846666666667,3.5069555282592773,46.188477
126,15,256,112,2,112,58.12,15.42,65.09,17.27,232.24834303394175,315.81701268606116,129.952,88.38791275024414,122.59944
3078,30,400,112,2,112,87.58,15.84,98.09,17.74,1717.74077353656,3208.9738172230714,3293.73,3643.419677734375,3791.1387
95,12,200,112,16,1680,3.23,13.66,54.26,229.49,-371.3417903941627,-141.0904225733102,128.678,13.053316783905029,100.883255
392,48,200,112,6,560,64.51,15.35,361.26,85.96,2039.6863227383355,-532.2488020354538,530.34,238.7609977722168,359.19763
50,12,256,112,4,336,22.51,13.84,75.63,46.5,14.31456226045384,82.90130044469035,52.6145,32.12221488952637,68.662254
586,13,600,112,4,336,29.87,15.1,100.36,50.74,1371.2125530929202,621.3318375890444,570.54,570.4017883300781,577.86523
530,18,512,112,4,336,79.87,15.68,268.36,52.68,1354.8047407026695,977.0818238922759,563.6453333333334,642.4484985351562,619.95624
60,15,200,112,8,784,11.06,14.2,86.71,111.33,-65.90347127095072,79.85798859892685,77.83,58.2722885131836,76.61343
1651,32,600,112,12,1232,66.89,16.28,824.08,200.57,2450.055310342627,2132.877185351141,1994.488,1855.067333984375,1727.347
100,14,200,112,16,1680,4.07,13.89,68.38,233.35,-245.49805617844277,139.21208406443907,144.61933333333334,-4.9082293033599855,101.24492
3134,36,600,112,12,1232,49.7,16.45,612.3,202.66,2701.7427787740667,2911.6020475617715,2966.456,2775.3779296875,3202.6948
52,16,200,112,5,448,25.21,14.13,112.94,63.3,40.77066501177126,32.25419061033347,52.642,46.528806114196776,39.870827
2487,12,1000,112,4,336,39.76,16.14,133.59,54.23,2812.9140856648355,2220.6347264436004,2555.622,2401.00302734375,2487.6655
80,19,200,112,8,784,16.06,14.08,125.91,110.39,185.7839971604891,-28.920486251593502,113.9,157.55865478515625,57.145775
1081,15,512,112,2,112,68.73,16.41,76.98,18.38,1195.2073188289978,892.4789363497853,966.464,926.3875,1049.5189
186,13,400,112,5,448,30.01,14.22,134.44,63.71,604.3167635280788,243.7869497762964,187.198,176.57958374023437,174.05164
461,10,600,112,8,784,11.3,14.52,88.59,113.84,1124.1105928695245,599.3731958159034,438.204,397.0849365234375,473.898
2468,12,1000,112,6,560,24.13,15.75,135.13,88.2,2783.7459062149273,2232.0428640801774,2492.7936000000004,2443.35625,2480.3716
585,24,400,112,6,560,47.79,15.17,267.62,84.95,1281.8732119895844,629.737165311215,651.552,429.528396987915,562.25507
35,12,128,112,6,560,4.95,13.53,27.72,75.77,-496.33310508698196,14.267483489443862,51.992,26.3576397895813,87.0179
1021,10,800,112,4,336,27.8,14.46,93.41,48.59,1934.7586516092279,722.7135043410145,982.798,902.583642578125,1049.2778
201,8,512,112,3,224,24.75,14.05,55.44,31.47,740.1701593490241,-24.354101281424676,211.572,208.70730895996093,203.0679
36,13,200,112,3,224,38.42,14.46,86.06,32.39,-118.82675686190055,64.51445107507325,36.956,75.23559341430663,28.520945
276,18,400,112,8,784,31.64,14.35,248.06,112.5,875.1738298925166,248.74578201028947,287.416,283.2595611572266,293.24796
410,14,512,112,5,448,35.67,14.66,159.8,65.68,1088.5331825462758,469.6752622975679,413.252,453.475048828125,393.78558
803,17,600,112,5,448,55.8,15.56,249.98,69.71,1608.315931799406,1037.8616686048808,778.634,721.910693359375,777.65106
938,64,200,112,5,448,79.14,14.97,354.55,67.07,3061.020286189049,493.8507248865184,1158.936,805.7225708007812,893.6168
4755,22,1000,112,8,784,55.7,17.11,436.69,134.14,3383.7963978436187,5013.730045152086,4536.618,4972.03720703125,4742.933
110,24,200,112,12,1232,14.63,14.04,180.24,172.97,442.05697379997287,316.0924187222011,163.23566666666667,41.78515396118164,92.55959
1595,8,1000,112,16,1680,3.7,13.99,62.16,235.03,2386.2175405339476,2398.905071267854,1729.97,1575.1967041015625,1609.308
1548,28,512,112,4,336,,,,,1984.023411781269,2752.2014174945457,2578.403466666666,2125.8244873046874,1530.2782
370,13,512,112,4,336,41.98,14.95,141.05,50.23,1040.1954051633697,430.3895501272907,372.6717857142857,429.18397216796876,357.86298
4257,20,1000,112,12,1232,29.76,15.52,366.64,191.21,3199.6163047280825,3585.762293415657,4153.989333333334,4334.98466796875,4202.5596
172,12,400,112,5,448,25.32,14.1,113.43,63.17,541.3948964202189,219.85898539728834,181.536,180.0648971557617,171.17836
4267,20,1000,112,8,784,46.38,15.91,363.62,124.73,3257.952663627899,4293.720792188697,4292.156,4436.96728515625,4534.8574
142,16,256,112,2,112,63.27,15.19,70.86,17.01,295.1702101418017,389.35337697051915,144.252,124.7624267578125,141.38924
61,13,256,112,5,448,17.2,14.16,77.06,63.44,62.652339643359824,98.71608067649788,60.494,132.6363739013672,71.69295
805,30,400,112,6,560,67.64,15.28,378.78,85.57,1659.404414636744,1120.4471450623546,969.058,650.1709655761719,783.58923
340,12,512,112,3,224,54.7,15.07,122.53,33.76,991.8576277804639,359.0601553268689,360.8206666666666,421.9616638183594,386.30365
2671,13,1000,112,4,336,31.42,16.27,105.57,54.67,2875.8359527726952,2572.9936739081913,2695.42,2625.416064453125,2734.5679
13157,32,600,112,2,112,91.1,17.97,102.03,20.13,2595.8962075921672,6843.46929391794,11001.938,12431.9580078125,12077.011
7032,19,1200,112,8,784,42.93,17.59,336.57,137.91,3947.3424963599264,6799.230248012982,6798.41,7142.59755859375,7053.758
1062,22,600,112,8,784,52.71,15.66,413.25,122.77,1879.1729981638437,1171.9095596658995,1063.8633333333335,985.1462524414062,1052.2458
661,13,600,112,16,1680,8.65,14.08,145.32,236.54,1196.203476393472,488.1602727715507,656.134,640.5775085449219,661.3563
236,40,200,112,6,560,61.06,14.77,341.94,82.71,1536.311385875456,-453.1015169289483,354.032,88.9019271850586,204.10663
101,20,200,112,12,1232,11.41,13.82,140.57,170.26,190.36950536853305,308.0137020331039,104.01885714285713,80.74242851734161,90.03667
30,16,128,112,4,336,17.83,13.64,59.91,45.83,-215.4774572056342,-27.69249911329672,32.133,15.755199432373047,22.964474
395,14,512,112,4,336,48.94,14.92,164.44,50.13,1103.1172722712297,522.2241783742327,409.37533333333334,446.3083984375,403.4212
41,16,200,112,4,336,20.53,14.23,68.98,47.81,55.354754736725226,77.4963610254467,43.633,37.27563219070434,36.80537
84,22,200,112,4,336,42.84,14.19,143.94,47.68,432.88595738388494,135.10412070637565,100.958,18.815304470062255,95.51711
3133,15,1000,112,5,448,47.02,17.2,210.65,77.06,2987.095597263461,3185.060750135251,3157.732,3082.8205078125,3173.9753
36,19,128,112,5,448,15.82,14.44,70.87,64.69,-41.295945607008434,-115.44480879212415,46.688,163.5739715576172,6.319823
38,12,200,112,5,448,17.15,13.69,76.83,61.33,-210.91680341966855,52.26463051214705,40.902,90.39562664031982,38.509865
440,15,512,112,5,448,41.8,15.08,187.26,67.56,1151.4550496541356,540.0486790109665,455.448,469.63067016601565,481.08368
134,20,256,112,3,224,65.27,0.01,146.2,0.02,532.2735888482874,455.3437516908011,143.458,68.17223815917968,165.98848
1006,20,600,112,8,784,41.66,15.11,326.61,118.46,1753.3292639481238,971.5574468379183,981.902,944.5238647460938,1011.5033
1546,30,600,112,12,1232,58.89,15.9,725.52,195.89,2324.2115761269074,1807.205088790654,1783.122,1416.4998046875,1878.1879
2051,10,1000,112,12,1232,7.97,13.82,98.19,170.26,2570.3976336494834,2378.8953124379564,2058.1126666666664,1965.7235107421875,2034.5486
587,13,600,112,3,224,66.75,16.29,149.52,36.49,1385.7966428178743,675.0748249220512,584.462,515.2569152832032,580.59045
311,22,256,112,2,112,76.29,15.65,85.44,17.53,672.7014127889613,872.3884199882084,292.59,342.06036376953125,313.04337
126,19,256,112,4,336,41.49,15.27,139.41,51.31,454.7676320154735,238.75300431634707,120.772,35.89303894042969,133.4878
565,18,512,112,12,1232,21.22,13.54,261.43,166.81,1238.1320229030375,494.51427344779813,551.23,514.4236694335938,596.4889
556,19,512,112,5,448,66.99,15.98,300.12,71.59,1403.1425180855754,907.3153124294646,582.75,612.4748718261719,678.0812
2689,13,1000,112,8,784,19.89,15.14,155.94,118.7,2817.4995938728794,2473.0658967763516,2715.592,2673.142919921875,2746.9402
601,13,600,112,8,784,18.86,14.38,147.86,112.74,1312.8761941931043,603.1333560154483,589.598,618.2901794433594,608.6873
3957,20,800,112,3,224,55.59,17.61,124.52,39.45,2578.5614124127815,3751.9141466174724,3580.546,4037.632861328125,3915.7734
1848,17,800,112,8,784,32.54,15.81,255.11,123.95,2316.8753624644314,1731.4625614504885,1813.898,1875.53251953125,1820.6276
5363,40,600,112,6,560,87.26,16.91,488.66,94.7,3040.9347855552305,6338.971173041985,4759.826,5438.29873046875,5202.5854
160,18,256,112,2,112,81.19,16.03,90.93,17.95,421.0139443575216,542.1103245599097,159.262,197.4701400756836,168.79044
56,14,256,112,3,224,50.08,14.9,112.18,33.38,154.74238620112783,167.2247549050192,57.668,70.23236999511718,68.25393
213,15,400,112,3,224,79.16,15.71,177.32,35.19,759.3286771937068,466.55377866320725,216.08,242.7931137084961,224.83762
1726,16,800,112,8,784,29.55,15.09,231.67,118.31,2253.9534953565717,1591.2855449777062,1703.77,1735.3436767578125,1721.3877
46,12,256,112,3,224,36.22,14.17,81.13,31.74,28.898651985407923,83.78760297246862,47.462,11.733810997009277,65.37207
249,17,400,112,5,448,49.42,14.74,221.4,66.04,856.0042319595186,391.2397575319378,249.656,141.29242477416992,229.45918
1987,18,800,112,8,784,36.53,15.41,286.4,120.81,2379.797229572291,1887.926940169813,1946.216,1990.92587890625,1944.7917
31,14,128,112,5,448,6.91,13.72,30.96,61.47,-355.90528114630797,-30.74787188853793,34.2,-1.6084260940551758,26.637424
101,16,256,112,3,224,44.4,14.95,99.46,33.49,280.5861204168477,256.5770066846165,92.668,92.45802764892578,98.513916
1971,24,600,112,6,560,51.3,16.43,287.28,92.01,2034.1849118294717,1907.9056993920212,2243.112,1464.0875610351563,1758.957
584,36,200,112,2,112,88.86,15.85,99.52,17.75,1342.960276343832,1549.7211559297666,838.178,317.7714477539063,417.295
324,50,200,112,12,1232,41.72,15.06,513.99,185.54,2078.0255186043314,-67.65011810976728,437.812,223.5437469482422,355.8296
1652,15,800,112,5,448,25.28,15.06,113.25,67.47,2234.7838974235738,1688.1314035187856,1624.282,1553.084228515625,1631.3102
155,10,400,112,8,784,9.49,14.37,74.4,112.66,371.798893029637,362.66155422937317,154.484,220.3353729248047,168.59915
1408,18,512,112,2,112,90.6,17.26,101.47,19.33,1383.9729201525774,1473.404899563167,1350.948,1486.1854736328125,1339.8171
5091,14,1200,112,5,448,40.97,17.27,183.55,77.37,3676.4854299954886,4962.724770741947,4988.078,5070.59658203125,5110.0713
37,8,256,112,4,336,9.18,13.04,30.84,43.81,-237.37290617098586,19.348872860996323,37.69,103.6748260498047,34.806152
30,8,128,112,5,448,3.53,13.21,15.81,59.18,-733.4364837934677,-20.299766347252216,32.576,15.102220058441162,19.8156
1632,15,800,112,4,336,33.81,15.61,113.6,52.45,2249.3679871485274,1817.876537379148,1614.214,1595.083251953125,1653.3447
25,15,128,112,3,224,22.38,14.45,50.13,32.37,-263.8152345885401,19.583737000401015,31.044,52.137791061401366,29.856003
834,16,512,112,3,224,53.31,15.74,119.41,35.26,1243.5450962119037,882.9819476223469,791.316,666.044775390625,669.72034
3827,18,1000,112,3,224,90.96,19.58,203.75,43.86,3205.029378036949,5051.567021636076,3662.682,4109.0275390625,3933.9644
41,10,256,112,4,336,16.68,13.45,56.04,45.19,-111.52917195526595,49.240814267972496,41.144,98.06921081542968,44.6874
13946,24,800,112,2,112,85.32,17.98,95.56,20.14,2844.832970569175,6179.904905903025,10708.092,12620.36328125,12579.649
1336,13,800,112,3,224,68.92,17.35,154.38,38.86,2138.1083426577616,1398.8318255191457,1359.572,1370.7020751953125,1346.5925
25,15,128,112,5,448,9.33,13.42,41.8,60.12,-292.98341403844813,-42.498587918826956,34.088,15.116330623626709,28.568869
646,14,600,112,3,224,76.15,16.58,170.58,37.14,1448.7185099257342,842.5909606921147,639.648,568.9931762695312,646.233
770,8,800,112,2,112,53.96,15.84,60.44,17.74,1838.083096843416,78.36840226074978,1375.734,755.1943359375,904.9259
115,18,128,112,6,560,4.03,14.31,22.57,80.14,-118.80190243982224,-110.4516678362786,133.98,305.01170349121094,154.1677
442,10,600,112,4,336,26.48,14.05,88.97,47.21,1182.4469517693406,301.61390325099427,422.036,452.79454345703124,441.56778
87,19,256,112,5,448,43.61,14.91,195.37,66.8,440.1835422905195,123.92621117984152,92.946,140.74433441162108,73.145485
3998,19,1000,112,8,784,42.42,16.55,332.57,129.75,3195.030796520039,3967.2370690087478,4094.166,4164.37978515625,4227.636
1958,18,800,112,3,224,89.0,17.79,199.36,39.85,2452.717678197061,2991.9925750078683,2033.288,2496.7828125,2110.0354
495,17,512,112,4,336,71.48,15.25,240.17,51.24,1291.8828735948096,850.0947337641082,536.804,556.144091796875,588.07434
2914,48,400,112,6,560,76.8,15.59,430.08,87.3,2791.998022578223,3969.6122240645996,2764.084,2994.221533203125,2906.4546
2907,14,1000,112,3,224,80.96,19.48,181.35,43.64,2953.3419096055095,3090.327056557539,2894.716,2863.3388671875,2882.0
1679,20,600,112,3,224,54.47,16.32,122.01,36.56,1826.2497125728937,2091.442537959204,1563.804,1895.945458984375,1726.404
21,12,128,112,4,336,9.18,13.68,30.84,45.96,-467.1649256370738,-35.5311758087513,25.2625,-11.018777221441269,24.624363
26,16,128,112,2,112,46.8,14.5,52.42,16.24,-186.30927775572616,136.88780550917267,47.536,7.4377906799316404,49.675
797,40,200,112,2,112,88.48,16.23,99.1,18.18,1594.6477447752718,1866.9347042767695,1163.416,467.59278259277346,827.3392
150,17,256,112,2,112,69.98,15.03,78.38,16.83,358.09207724966166,464.76034611694934,152.29,153.9437698364258,157.4989
701,22,512,112,12,1232,30.89,14.56,380.56,179.38,1489.8194913344773,617.1963678981031,698.6363047619047,776.7476196289062,704.1344
136,30,200,112,12,1232,23.41,14.95,288.41,184.18,819.5881764471325,280.17159182035215,192.319,54.357270050048825,110.20359
221,16,400,112,3,224,79.81,15.29,178.77,34.25,822.2505443015666,561.1998147565708,232.86,250.2382080078125,248.95874
1996,10,1000,112,4,336,28.33,15.01,95.19,50.43,2687.070351449115,1584.040375192547,1899.8729333333333,1963.9024658203125,1994.2933
651,14,600,112,8,784,21.82,14.55,171.07,114.07,1375.798061300964,624.6485755069814,653.806,701.0765747070312,657.71155
898,19,600,112,8,784,40.15,15.02,314.78,117.76,1690.4073968402638,887.4466182073852,895.854,912.03212890625,914.88916
331,22,400,112,6,560,63.8,13.98,357.28,78.29,1156.0294777738643,512.1484327370049,398.2606666666667,383.2639190673828,443.90643
2467,12,1000,112,3,224,59.84,17.36,134.04,38.89,2827.4981753897896,2248.739567383135,2499.782,2428.57734375,2449.4546
73,20,200,112,3,224,34.72,14.66,77.77,32.84,321.626312893119,281.1732423346014,96.22366666666667,28.536396789550782,103.770386
226,16,400,112,4,336,34.97,14.77,117.5,49.63,807.6664545766126,435.49207032029176,221.134,175.3535614013672,222.30864
2906,14,1000,112,4,336,53.87,17.43,181.0,58.56,2938.7578198805554,2948.1570085115686,2964.04,2853.11298828125,2921.3586
3611,17,1000,112,8,784,33.65,16.32,263.82,127.95,3069.187062304319,3380.949407079552,3621.494,3615.601171875,3618.3677
28,10,200,112,4,336,13.24,13.31,44.49,44.72,-322.17644791043426,10.793792395233424,30.342066666666664,70.09628593921661,21.31384
130,16,128,112,6,560,2.88,14.25,16.13,79.8,-244.64563665554215,-57.32011207698065,113.87,90.77292003631592,121.49597
110,8,256,112,6,560,3.63,13.59,20.33,76.1,-266.5410856208938,179.75747825759368,104.945,31.38678741455078,89.970116
27,8,256,112,2,112,33.26,14.14,37.25,15.84,-208.2047267210778,-152.6425736727781,32.232,-27.56980142593384,-1.6260035
36,18,128,112,5,448,16.89,14.37,75.67,64.38,-104.21781271486827,-93.46155893009427,38.03,111.90677108764649,25.244308
95,24,200,112,6,560,33.1,14.55,185.36,81.48,529.5615121496969,-141.60010643709165,204.108,275.95948181152346,160.51482
551,12,600,112,6,560,22.51,14.13,126.06,79.13,1279.1225065351523,527.7308973782591,553.032,647.6229125976563,562.4475
48,12,200,112,6,560,3.25,13.9,18.2,77.84,-225.50089314462252,80.11459660722721,77.2793,110.1404525756836,74.38149
5881,16,1200,112,3,224,94.19,21.96,210.99,49.19,3831.4973436611162,6570.359319149016,5594.168,6291.94560546875,5857.8545
212,15,400,112,4,336,29.5,14.62,99.12,49.12,744.7445874687527,370.82025423013863,208.294,134.32104110717773,208.59885
781,8,800,112,4,336,18.0,13.94,60.48,46.84,1808.914917393508,402.53542947078336,841.198,483.7483856201172,818.827
86,13,128,112,6,560,2.23,13.81,12.49,77.34,-433.411237979122,0.8860351782536782,76.242,-14.792067718505859,93.251854
185,19,128,112,6,560,2.85,14.4,15.96,80.64,-55.880035331962404,-141.0984696889966,272.054,472.22365112304686,310.0888
43,16,200,112,3,224,46.33,14.17,103.78,31.74,69.93884446167931,157.25708519359014,47.627,65.23932752609252,50.707836
196,14,400,112,3,224,67.19,15.46,150.51,34.63,696.4068100858468,377.64828409055235,188.434,218.61904296875,190.16052
3371,16,1000,112,8,784,30.04,15.69,235.51,123.01,3006.265195196459,3121.00065946119,3427.584,3355.168115234375,3362.7847
1531,8,1000,112,2,112,54.36,16.83,60.88,18.85,2590.3947966833034,653.7589985139034,1679.5696666666668,1756.9478271484375,1476.0173
112,10,256,112,6,560,4.66,13.66,26.1,76.5,-140.6973514051739,151.25990532652054,107.32976666666666,114.9944694519043,104.26819
1026,10,800,112,6,560,16.88,14.01,94.53,78.46,1905.5904721593197,900.1216241666241,1015.997,1097.9920532226563,1040.3242
30,17,128,112,4,336,16.09,13.92,54.06,46.77,-152.55559009777426,-31.78212763612538,33.728,-3.539382266998291,21.490646
223,15,400,112,5,448,22.2,14.63,99.46,65.54,730.1604977437987,307.02035473707963,221.474,169.51497344970704,206.54407
4404,12,1200,112,8,784,17.31,14.87,135.71,116.58,3506.889426604907,4110.5643269025695,4296.322,4335.22900390625,4376.081
741,16,600,112,3,224,88.07,16.43,197.28,36.8,1574.5622441414541,1212.15572344354,745.208,783.5815063476563,791.66
401,24,400,112,12,1232,33.0,14.22,406.56,175.19,1194.3686736398604,440.46750099838204,467.232,439.6487182617187,416.3168
595,19,512,112,12,1232,23.75,14.12,292.6,173.96,1301.0538900108972,514.5143485120683,586.636,567.8329040527344,586.64124
42,15,200,112,4,336,15.31,14.12,51.44,47.44,-7.567112371134726,67.4332094101432,44.8,48.690257740020755,35.673485
326,8,600,112,2,112,51.53,15.21,57.71,17.04,1085.7713970035286,-123.06725044216569,777.426,178.57486877441406,288.57745
37,20,128,112,4,336,25.95,14.18,87.19,47.64,36.21001122580549,-57.41085672374834,50.776,42.31308135986328,92.728226
51,10,256,112,5,448,9.88,13.96,44.26,62.54,-126.11326168021992,99.4049095690446,50.444,154.0594228744507,50.625072
31,17,128,112,5,448,15.83,14.11,70.92,63.21,-167.13967982272823,-73.92783587416301,38.06,78.39416275024413,26.443844
48,17,200,112,3,224,43.73,14.86,97.96,33.29,132.86071156953926,188.06353221869276,55.948,78.13945074081421,54.516064
4716,24,800,112,6,560,51.2,17.27,286.72,96.71,2786.496611669359,3885.2311752953906,4622.076,3975.775146484375,5172.4385
1733,16,800,112,3,224,90.28,17.81,202.23,39.89,2326.8739439813417,2302.450490744561,1746.08,1852.9676513671875,1758.8245
26,10,128,112,5,448,5.25,13.64,23.52,61.11,-607.5927495777478,-11.860497556257542,30.1905,29.302487945556642,21.333544
3666,40,600,112,12,1232,57.54,16.73,708.89,206.11,2953.4302472055065,3864.02937173503,3410.33,3472.179833984375,3617.8289
31,19,128,112,3,224,27.7,14.11,62.05,31.61,-12.127766157100382,70.01352004684628,46.008,38.34743423461914,47.427784
46,8,200,112,8,784,2.78,13.92,21.8,109.13,-506.3565410259703,216.87754643366583,61.604,111.085205078125,42.86919
871,32,400,112,6,560,75.94,16.13,425.26,90.33,1785.2481488524636,1331.9291839104467,945.18,874.3087158203125,633.227
10969,30,600,112,2,112,89.22,18.26,99.93,20.45,2470.0524733764473,5989.915772278538,9711.292,11083.8478515625,10871.878
5910,16,1200,112,8,784,30.61,16.23,239.98,127.24,3758.5768950363463,5479.977213175436,5766.212,5967.5669921875,5899.055
1421,48,400,112,12,1232,72.0,16.12,887.04,198.6,2704.493484228499,2498.9502597439823,1551.624,1673.2810791015625,1652.1731
1044,10,800,112,8,784,11.67,14.7,91.49,115.25,1876.4222927094117,1088.2034049831482,1021.126,1086.1431396484375,1060.6486
2753,8,1200,112,16,1680,3.72,14.08,62.5,236.54,3138.529240373835,4156.505428327698,2796.794,2913.140283203125,2765.0063
1542,8,1000,112,4,336,18.31,14.3,61.52,48.05,2561.2266172333957,1037.7947192819443,1615.1636666666668,1582.8958984375,1567.7795
846,8,800,112,16,1680,3.6,13.89,60.48,233.35,1633.9058406940599,1222.3447578307432,878.082,807.14384765625,852.2075
336,8,600,112,4,336,17.16,13.55,57.66,45.53,1056.6032175536207,143.3395718644939,357.272,287.1377868652344,334.10092
2901,14,1000,112,8,784,23.02,14.02,180.48,109.92,2880.4214609807395,2667.131308744147,2948.936,2858.449365234375,2917.099
2686,13,1000,112,5,448,35.15,15.95,157.47,71.46,2861.251863047741,2516.9112317958825,2715.838,2639.857568359375,2732.3315
2461,22,800,112,6,560,75.34,17.0,421.9,95.2,2660.652877453639,3255.9620133096314,2629.048,2682.288525390625,2787.481
207,40,200,112,12,1232,34.25,15.22,421.96,187.51,1448.8068475257319,130.81550692012084,300.642,52.826123046875,208.86838
7590,20,1200,112,8,784,46.56,18.4,365.03,144.26,4010.264363467786,7295.023296635119,7155.368,7553.7013671875,7350.5234
72,19,200,112,3,224,38.19,14.77,85.55,33.08,258.70444578525905,249.9492063546406,78.902,65.91715850830079,94.343094
115,14,128,112,6,560,2.1,13.93,11.76,78.01,-370.48937087126205,-15.55398314291898,100.904,-2.2233421325683596,95.839035
3198,15,1000,112,8,784,26.68,15.44,209.17,121.05,2943.3433280885993,2883.0854281609077,3208.06,3118.0888671875,3207.3027
3563,17,1000,112,5,448,59.59,17.68,266.96,79.21,3112.939331479181,3944.0189683818476,3477.574,3715.24638671875,3553.627
39,8,256,112,5,448,7.21,13.87,32.3,62.14,-251.95699589593983,103.46037869504113,43.598,89.58910827636718,41.035034
640,20,512,112,12,1232,25.52,14.27,314.41,175.81,1363.9757571187574,541.579786318837,600.9348809523809,637.4527465820313,622.47644
28,16,128,112,3,224,19.48,13.77,43.64,30.84,-200.89336748068013,35.26921874699087,32.515,24.91198558807373,32.05193
62,16,200,112,8,784,12.48,14.05,97.84,110.15,-2.981604163090765,54.452042011195545,91.26,68.25815048217774,74.8574
307,20,400,112,8,784,36.63,14.54,287.18,113.99,1001.0175641082365,266.04524695343537,320.246,333.2102981567383,281.75253
1278,12,800,112,5,448,29.53,14.96,132.29,67.02,2046.0182960999937,1109.7553526536578,1302.714,1293.0746826171876,1273.951
3511,30,800,112,12,1232,61.68,16.91,759.9,208.33,3076.5232759667947,3821.51987821535,3421.304,3424.843115234375,3537.134
1124,22,512,112,4,336,,,,,1606.492209134109,1575.4454943175342,1194.6870095238096,1186.6509765625,1205.7896
81,15,128,112,6,560,4.25,13.91,23.8,77.9,-307.5675037634021,-34.980167039516346,94.722,40.716573333740236,108.73108
853,18,600,112,3,224,86.48,16.01,193.72,35.86,1700.405978357174,1628.2465040404154,887.798,1161.67470703125,908.9207
255,14,400,112,16,1680,8.58,14.08,144.14,236.54,506.8136436614447,232.93478369235345,259.514,303.3461395263672,254.4711
876,17,512,112,3,224,60.84,15.89,136.28,35.59,1306.4669633197636,1036.4597314065222,852.064,727.8325927734375,723.23114
136,10,400,112,4,336,23.14,13.65,77.75,45.86,430.13525192945303,128.41589243242188,141.264,154.01938018798828,127.254616
15,8,200,112,2,112,28.08,13.49,31.45,15.11,-418.85200267624623,-173.37644315753727,36.044,3.0925512313842773,-11.391237
693,15,600,112,3,224,88.63,17.04,198.53,38.17,1511.6403770335942,1021.5937920544249,695.454,643.3272338867188,732.00256
267,18,400,112,5,448,54.24,14.27,243.0,63.93,918.9260990673786,441.40021920353956,266.378,152.90047378540038,241.30692
192,14,400,112,4,336,26.74,14.67,89.85,49.29,681.8227203608927,311.6419586295992,193.586,133.91613159179687,188.46854
706,14,600,112,16,1680,9.95,14.09,167.16,236.71,1259.125343501332,523.2120011427327,674.352,709.5988647460938,695.8467
1566,8,1000,112,8,784,7.68,14.7,60.21,115.25,2502.8902583335794,1828.5352934623124,1683.226,1561.1790283203125,1572.9093
4351,12,1200,112,5,448,30.46,16.29,136.46,72.98,3550.6416957797687,4021.433126491903,4307.898,4450.407421875,4358.444
441,10,600,112,6,560,16.5,13.76,92.4,77.06,1153.2787723194324,449.4921681398467,426.73999999999995,484.27073364257814,455.13614
41,15,200,112,3,224,42.42,14.58,95.02,32.66,7.016977353819357,126.44502561765793,47.174,93.32653427124023,44.851463
1072,10,800,112,16,1680,5.6,13.94,94.08,234.19,1759.7495749097798,1160.2757802067122,1024.152,1002.6614501953125,1091.3391
341,22,400,112,8,784,46.51,14.8,364.64,116.03,1126.8612983239564,302.81454604867304,347.5033333333334,497.244287109375,304.90552
4347,12,1200,112,6,560,24.37,16.33,136.47,91.45,3536.0576060548146,4036.273920880379,4139.040866666666,4409.81875,4356.086
2712,8,1200,112,8,784,7.89,14.89,61.86,116.74,3255.201958173467,3182.150754004819,2767.938,2819.119287109375,2746.2825
265,10,512,112,2,112,77.59,16.42,86.9,18.39,880.597983289698,108.22271150439309,278.774,339.79876403808595,399.04193
805,8,800,112,8,784,7.51,14.53,58.88,113.92,1750.5785584936918,1047.5259219240074,857.51,815.7397094726563,824.846
75,20,128,112,12,1232,5.64,14.11,69.48,173.84,-80.4627065738265,347.23010430973005,155.937,49.30649185180664,288.2841
1316,12,800,112,16,1680,7.82,14.2,131.38,238.56,1885.5933091254997,1153.4242544061904,1308.758,1278.550439453125,1321.0549
183,12,400,112,6,560,18.09,14.32,101.3,80.19,526.8108066952649,242.9986284964143,194.166,200.92737884521483,209.83142
25,8,200,112,4,336,11.53,13.25,38.74,44.52,-448.02018212615417,-16.16456469372588,28.528,70.08844890594483,16.212034
345,12,512,112,4,336,35.8,14.34,120.29,48.18,977.2735380555098,347.1620262642605,350.91211904761883,401.6460815429688,341.1535
42,19,128,112,2,112,49.96,15.44,55.96,17.29,2.4563235678535875,239.6555799633399,77.92,57.70204830169678,66.35435
29,17,128,112,2,112,43.5,14.48,48.72,16.22,-123.3874106478662,172.90046366308064,50.628,25.53554458618164,50.684837
124,19,256,112,3,224,58.99,14.74,132.14,33.02,469.3517217404275,402.96327417198665,125.868,84.0139846086502,162.18767
16,12,128,112,3,224,13.08,13.73,29.3,30.76,-452.58083591211994,-40.79851426309165,21.194,39.444969177246094,18.113035
131,20,256,112,4,336,45.45,14.89,152.71,50.03,517.6894991233335,266.81340237823014,123.894,35.24399261474609,151.96089
5497,15,1200,112,5,448,47.47,18.3,212.67,81.98,3739.4072971033484,5476.006884222209,5367.878,5423.940625,5566.2305
552,12,600,112,4,336,11.11,14.02,37.33,47.11,1308.2906859850602,503.6884619291773,540.2873333333333,548.9796630859375,549.4453
487,20,400,112,3,224,49.09,15.47,109.96,34.65,1073.9380127330064,998.6374630282681,484.256,435.5327880859375,456.90097
431,32,200,112,2,112,83.38,15.26,93.39,17.09,1091.2728079123922,1259.5395623255122,790.292,294.89505462646486,297.81436
91,15,256,112,3,224,40.89,15.31,91.59,34.29,217.66425330898778,211.12529109665812,84.04,102.15702667236329,89.97258
37,14,200,112,4,336,17.37,14.27,58.36,47.95,-70.48897947899468,57.0450197783573,39.028,25.927316665649414,30.912083
200,36,200,112,6,560,52.18,14.76,292.21,82.66,1284.6239174440161,-387.42619362328924,281.43,174.1344572544098,281.11456
80,17,256,112,5,448,34.35,13.92,153.89,62.36,314.33980807479963,110.90812802456702,79.836,67.17133464813233,87.518776
370,13,512,112,5,448,31.09,14.37,139.28,64.38,1025.6113154384157,407.734333371544,378.1945,415.83783569335935,356.78094
162,12,400,112,3,224,41.2,14.82,92.29,33.2,570.5630758701269,216.76930176913731,168.57,205.45037536621095,162.46211
9245,24,1000,112,6,560,51.81,18.4,290.14,103.04,3538.808311509247,6754.039272511388,7683.593,8175.848828125,8568.781
80,22,128,112,12,1232,5.61,13.85,69.12,170.63,45.38102764189341,361.343587794057,203.225,-7.599514007568359,459.9201
36,13,200,112,4,336,13.37,14.24,44.92,47.85,-133.41084658685463,46.25938769553119,38.404,21.12035949230194,31.952047
91,10,200,112,16,1680,2.46,13.75,41.33,231.0,-497.18552460988235,-435.41894398424074,119.92300000000002,40.17538747787476,82.33872
231,16,400,112,5,448,43.57,14.72,195.19,65.95,793.0823648516587,346.4706041879704,229.026,149.24120483398437,218.02397
26,17,128,112,3,224,31.77,14.34,71.16,32.12,-137.97150037282017,48.85440688055644,35.434,61.52519283294678,28.396997
1661,24,400,112,2,112,83.79,15.28,93.84,17.11,1340.2095708894003,1987.7365931800496,2556.728,1686.741357421875,1912.8783
30,19,128,112,4,336,22.11,14.64,74.29,49.19,-26.711855882054465,-46.7137108759091,46.2,50.765354084968564,38.00071
4667,36,600,112,6,560,72.76,16.46,407.46,92.18,2789.2473171237907,4939.713967019577,4052.08,4229.291064453125,4624.8735
70,15,256,112,5,448,26.8,14.11,120.06,63.21,188.49607385907973,102.69782968227332,70.26,53.599484062194826,79.15415
543,12,600,112,3,224,17.04,14.42,38.17,32.3,1322.8747757100143,518.9729803096769,547.246,494.03228149414065,551.2277
31,16,128,112,5,448,12.48,14.09,55.91,63.12,-230.06154693058818,-56.916044058887906,34.912,50.74325933456421,26.41135
41,20,128,112,2,112,54.34,15.05,60.86,16.86,65.37819067571354,270.54284697880723,91.548,51.5192587852478,50.359325
36,10,256,112,2,112,50.56,14.4,56.63,16.13,-82.3609925053579,-26.339891016168394,37.704,11.271995162963867,22.334324
1420,20,128,112,6,560,0.63,14.63,3.53,81.93,7.041831775897549,-174.36941494435035,966.176,700.1920593261718,931.79364
516,30,400,112,12,1232,50.02,15.4,616.25,189.73,1571.8998762870199,690.8642198223433,587.482,536.4635681152344,530.0087
1349,48,200,112,2,112,91.74,15.48,102.75,17.34,2098.022681638152,2600.9932004458187,2140.316,1401.9673828125,2214.3804
5057,14,1200,112,8,784,23.33,15.22,182.91,119.32,3632.733160820627,4739.856238128882,4919.322,5111.04560546875,5119.784
2931,14,1000,112,16,1680,10.81,14.48,181.61,243.26,2763.7487431811073,2462.7327074711407,2888.1653333333334,3082.1044921875,2984.9788
42,13,200,112,5,448,15.93,13.78,71.37,61.73,-147.9949363118086,48.26491797717529,45.042,87.3545142173767,36.72341
3337,16,1000,112,5,448,53.0,17.32,237.44,77.59,3050.017464371321,3553.1525695528667,3300.022,3355.714697265625,3309.7427
11701,48,400,112,2,112,96.09,16.21,107.62,18.16,2850.3343814780387,8463.146799967008,9192.084,9759.5931640625,10598.229
5156,24,1000,112,12,1232,42.44,17.02,522.86,209.69,3451.3037731595227,4661.835835565578,5242.618666666666,5094.9544921875,5407.4326
460,16,512,112,4,336,63.62,14.94,213.76,50.2,1228.9610064869496,732.0043657580836,491.492,470.321728515625,542.3408
